node_from,node_to,iteration,edge_type,value
V1,V1,iter1,sample,39.365
V2,V1,iter1,sample,26.09
V3,V1,iter1,sample,18.88
V4,V1,iter1,sample,50.69
V5,V1,iter1,sample,30.105
V6,V1,iter1,sample,48.6
V7,V1,iter1,sample,16.56
V8,V1,iter1,sample,22.78
V9,V1,iter1,sample,15.15
V10,V1,iter1,sample,22
T,V1,iter1,sample,0
V1,V2,iter1,sample,20.27
V2,V2,iter1,sample,30.2
V3,V2,iter1,sample,30.72
V4,V2,iter1,sample,71.855
V5,V2,iter1,sample,37.48
V6,V2,iter1,sample,59.81
V7,V2,iter1,sample,25.91
V8,V2,iter1,sample,19.835
V9,V2,iter1,sample,18.685
V10,V2,iter1,sample,25.69
T,V2,iter1,sample,0
V1,V3,iter1,sample,27.95
V2,V3,iter1,sample,36.945
V3,V3,iter1,sample,12.35
V4,V3,iter1,sample,19.26
V5,V3,iter1,sample,19.9
V6,V3,iter1,sample,25.53
V7,V3,iter1,sample,10.735
V8,V3,iter1,sample,22.595
V9,V3,iter1,sample,15.66
V10,V3,iter1,sample,19.36
T,V3,iter1,sample,0
V1,V4,iter1,sample,37.44
V2,V4,iter1,sample,59.735
V3,V4,iter1,sample,18.725
V4,V4,iter1,sample,30.09
V5,V4,iter1,sample,44.09
V6,V4,iter1,sample,56.955
V7,V4,iter1,sample,19.24
V8,V4,iter1,sample,21.41
V9,V4,iter1,sample,17.56
V10,V4,iter1,sample,34.165
T,V4,iter1,sample,0
V1,V5,iter1,sample,29.16
V2,V5,iter1,sample,39.335
V3,V5,iter1,sample,26.62
V4,V5,iter1,sample,43.655
V5,V5,iter1,sample,19.875
V6,V5,iter1,sample,18.785
V7,V5,iter1,sample,14.455
V8,V5,iter1,sample,20.055
V9,V5,iter1,sample,18.85
V10,V5,iter1,sample,20
T,V5,iter1,sample,0
V1,V6,iter1,sample,35.235
V2,V6,iter1,sample,60.085
V3,V6,iter1,sample,32.64
V4,V6,iter1,sample,72.175
V5,V6,iter1,sample,22.3
V6,V6,iter1,sample,20.375
V7,V6,iter1,sample,21.09
V8,V6,iter1,sample,21.74
V9,V6,iter1,sample,17.21
V10,V6,iter1,sample,21.365
T,V6,iter1,sample,0
V1,V7,iter1,sample,18.135
V2,V7,iter1,sample,33.225
V3,V7,iter1,sample,16.78
V4,V7,iter1,sample,37.29
V5,V7,iter1,sample,16.88
V6,V7,iter1,sample,23.54
V7,V7,iter1,sample,12.765
V8,V7,iter1,sample,16.925
V9,V7,iter1,sample,11.6
V10,V7,iter1,sample,16.345
T,V7,iter1,sample,0
V1,V8,iter1,sample,25.57
V2,V8,iter1,sample,33.305
V3,V8,iter1,sample,16.145
V4,V8,iter1,sample,35.145
V5,V8,iter1,sample,27.835
V6,V8,iter1,sample,42.955
V7,V8,iter1,sample,16.21
V8,V8,iter1,sample,21.67
V9,V8,iter1,sample,18.52
V10,V8,iter1,sample,20.01
T,V8,iter1,sample,0
V1,V9,iter1,sample,23.805
V2,V9,iter1,sample,27.22
V3,V9,iter1,sample,19.51
V4,V9,iter1,sample,33.095
V5,V9,iter1,sample,17.4
V6,V9,iter1,sample,29.92
V7,V9,iter1,sample,10.345
V8,V9,iter1,sample,17.355
V9,V9,iter1,sample,20.045
V10,V9,iter1,sample,18.92
T,V9,iter1,sample,0
V1,V10,iter1,sample,30.385
V2,V10,iter1,sample,41.92
V3,V10,iter1,sample,21.08
V4,V10,iter1,sample,35.695
V5,V10,iter1,sample,28.885
V6,V10,iter1,sample,39.31
V7,V10,iter1,sample,17.12
V8,V10,iter1,sample,17.825
V9,V10,iter1,sample,15.875
V10,V10,iter1,sample,20.76
T,V10,iter1,sample,0
V1,T,iter1,sample,48.905
V2,T,iter1,sample,48.3949999999999
V3,T,iter1,sample,44.835
V4,T,iter1,sample,52.4599999999999
V5,T,iter1,sample,46.0399999999999
V6,T,iter1,sample,46.4349999999999
V7,T,iter1,sample,47.055
V8,T,iter1,sample,57.1749999999999
V9,T,iter1,sample,50.46
V10,T,iter1,sample,58.24
T,T,iter1,sample,0
V1,V1,iter2,sample,22.94
V2,V1,iter2,sample,25.59
V3,V1,iter2,sample,43.455
V4,V1,iter2,sample,46.03
V5,V1,iter2,sample,30.59
V6,V1,iter2,sample,41.625
V7,V1,iter2,sample,18.785
V8,V1,iter2,sample,16.865
V9,V1,iter2,sample,22.93
V10,V1,iter2,sample,17.825
T,V1,iter2,sample,0
V1,V2,iter2,sample,19.54
V2,V2,iter2,sample,25.38
V3,V2,iter2,sample,38.035
V4,V2,iter2,sample,39.15
V5,V2,iter2,sample,41.105
V6,V2,iter2,sample,45.49
V7,V2,iter2,sample,12.945
V8,V2,iter2,sample,12.025
V9,V2,iter2,sample,19.045
V10,V2,iter2,sample,20.595
T,V2,iter2,sample,0
V1,V3,iter2,sample,34.17
V2,V3,iter2,sample,47.275
V3,V3,iter2,sample,30.205
V4,V3,iter2,sample,26.925
V5,V3,iter2,sample,33.71
V6,V3,iter2,sample,46.82
V7,V3,iter2,sample,16.77
V8,V3,iter2,sample,16.72
V9,V3,iter2,sample,16.68
V10,V3,iter2,sample,16.055
T,V3,iter2,sample,0
V1,V4,iter2,sample,31.715
V2,V4,iter2,sample,57.995
V3,V4,iter2,sample,35.165
V4,V4,iter2,sample,37.495
V5,V4,iter2,sample,44.905
V6,V4,iter2,sample,61.255
V7,V4,iter2,sample,21.97
V8,V4,iter2,sample,13.425
V9,V4,iter2,sample,18.43
V10,V4,iter2,sample,15.905
T,V4,iter2,sample,0
V1,V5,iter2,sample,34.155
V2,V5,iter2,sample,38.77
V3,V5,iter2,sample,51.145
V4,V5,iter2,sample,53
V5,V5,iter2,sample,25.895
V6,V5,iter2,sample,28.885
V7,V5,iter2,sample,17.375
V8,V5,iter2,sample,18.475
V9,V5,iter2,sample,19.245
V10,V5,iter2,sample,12.635
T,V5,iter2,sample,0
V1,V6,iter2,sample,27.97
V2,V6,iter2,sample,51.23
V3,V6,iter2,sample,48.25
V4,V6,iter2,sample,47.38
V5,V6,iter2,sample,23.985
V6,V6,iter2,sample,36.035
V7,V6,iter2,sample,17.14
V8,V6,iter2,sample,13.31
V9,V6,iter2,sample,21.46
V10,V6,iter2,sample,21.235
T,V6,iter2,sample,0
V1,V7,iter2,sample,25.44
V2,V7,iter2,sample,24.895
V3,V7,iter2,sample,22.04
V4,V7,iter2,sample,24.87
V5,V7,iter2,sample,29.46
V6,V7,iter2,sample,30.07
V7,V7,iter2,sample,12.305
V8,V7,iter2,sample,9.82999999999999
V9,V7,iter2,sample,14.64
V10,V7,iter2,sample,14.72
T,V7,iter2,sample,0
V1,V8,iter2,sample,21.045
V2,V8,iter2,sample,19.87
V3,V8,iter2,sample,19.205
V4,V8,iter2,sample,26.04
V5,V8,iter2,sample,21.35
V6,V8,iter2,sample,25.45
V7,V8,iter2,sample,13.84
V8,V8,iter2,sample,14.175
V9,V8,iter2,sample,14.105
V10,V8,iter2,sample,9.955
T,V8,iter2,sample,0
V1,V9,iter2,sample,25.815
V2,V9,iter2,sample,32.29
V3,V9,iter2,sample,20.945
V4,V9,iter2,sample,30.495
V5,V9,iter2,sample,26.265
V6,V9,iter2,sample,31.715
V7,V9,iter2,sample,17.275
V8,V9,iter2,sample,11.355
V9,V9,iter2,sample,18.915
V10,V9,iter2,sample,12.63
T,V9,iter2,sample,0
V1,V10,iter2,sample,19.335
V2,V10,iter2,sample,24.2
V3,V10,iter2,sample,26.285
V4,V10,iter2,sample,29.35
V5,V10,iter2,sample,18.31
V6,V10,iter2,sample,21.025
V7,V10,iter2,sample,13.005
V8,V10,iter2,sample,11.63
V9,V10,iter2,sample,16.295
V10,V10,iter2,sample,13.66
T,V10,iter2,sample,0
V1,T,iter2,sample,53.5099999999999
V2,T,iter2,sample,42.815
V3,T,iter2,sample,50.5999999999999
V4,T,iter2,sample,55.5249999999998
V5,T,iter2,sample,53.0049999999999
V6,T,iter2,sample,49.6249999999999
V7,T,iter2,sample,51.8599999999998
V8,T,iter2,sample,48.2249999999999
V9,T,iter2,sample,48.9549999999999
V10,T,iter2,sample,45.8799999999999
T,T,iter2,sample,0
V1,V1,iter3,sample,20.99
V2,V1,iter3,sample,21.93
V3,V1,iter3,sample,56.945
V4,V1,iter3,sample,42.38
V5,V1,iter3,sample,29.67
V6,V1,iter3,sample,40.935
V7,V1,iter3,sample,14.735
V8,V1,iter3,sample,16.12
V9,V1,iter3,sample,15.395
V10,V1,iter3,sample,16.64
T,V1,iter3,sample,0
V1,V2,iter3,sample,28.22
V2,V2,iter3,sample,43.265
V3,V2,iter3,sample,57.455
V4,V2,iter3,sample,45.435
V5,V2,iter3,sample,34.55
V6,V2,iter3,sample,59.425
V7,V2,iter3,sample,15.675
V8,V2,iter3,sample,19.06
V9,V2,iter3,sample,14.345
V10,V2,iter3,sample,14.265
T,V2,iter3,sample,0
V1,V3,iter3,sample,51.225
V2,V3,iter3,sample,54.015
V3,V3,iter3,sample,32.06
V4,V3,iter3,sample,27.38
V5,V3,iter3,sample,31.105
V6,V3,iter3,sample,50.125
V7,V3,iter3,sample,14.69
V8,V3,iter3,sample,17.845
V9,V3,iter3,sample,12.58
V10,V3,iter3,sample,20.67
T,V3,iter3,sample,0
V1,V4,iter3,sample,40.35
V2,V4,iter3,sample,52.08
V3,V4,iter3,sample,37.11
V4,V4,iter3,sample,29.505
V5,V4,iter3,sample,39.225
V6,V4,iter3,sample,49.445
V7,V4,iter3,sample,19.76
V8,V4,iter3,sample,14.135
V9,V4,iter3,sample,17.995
V10,V4,iter3,sample,18.585
T,V4,iter3,sample,0
V1,V5,iter3,sample,46.27
V2,V5,iter3,sample,41.105
V3,V5,iter3,sample,46.58
V4,V5,iter3,sample,38.04
V5,V5,iter3,sample,26.05
V6,V5,iter3,sample,22.98
V7,V5,iter3,sample,14.64
V8,V5,iter3,sample,15.895
V9,V5,iter3,sample,16.53
V10,V5,iter3,sample,13.35
T,V5,iter3,sample,0
V1,V6,iter3,sample,46.88
V2,V6,iter3,sample,39.06
V3,V6,iter3,sample,61.175
V4,V6,iter3,sample,44.25
V5,V6,iter3,sample,18.61
V6,V6,iter3,sample,30.62
V7,V6,iter3,sample,18.505
V8,V6,iter3,sample,17.05
V9,V6,iter3,sample,15.505
V10,V6,iter3,sample,20.535
T,V6,iter3,sample,0
V1,V7,iter3,sample,26.95
V2,V7,iter3,sample,26.465
V3,V7,iter3,sample,27.67
V4,V7,iter3,sample,26.285
V5,V7,iter3,sample,20.85
V6,V7,iter3,sample,24.035
V7,V7,iter3,sample,14.41
V8,V7,iter3,sample,17.04
V9,V7,iter3,sample,12.075
V10,V7,iter3,sample,13.75
T,V7,iter3,sample,0
V1,V8,iter3,sample,26.825
V2,V8,iter3,sample,27.53
V3,V8,iter3,sample,32.99
V4,V8,iter3,sample,24.365
V5,V8,iter3,sample,19.945
V6,V8,iter3,sample,20.555
V7,V8,iter3,sample,14.245
V8,V8,iter3,sample,15.165
V9,V8,iter3,sample,14.335
V10,V8,iter3,sample,14.655
T,V8,iter3,sample,0
V1,V9,iter3,sample,18.705
V2,V9,iter3,sample,19.09
V3,V9,iter3,sample,22.645
V4,V9,iter3,sample,19.49
V5,V9,iter3,sample,24.755
V6,V9,iter3,sample,28.915
V7,V9,iter3,sample,15.95
V8,V9,iter3,sample,12.285
V9,V9,iter3,sample,13.78
V10,V9,iter3,sample,12.155
T,V9,iter3,sample,0
V1,V10,iter3,sample,23.93
V2,V10,iter3,sample,22.675
V3,V10,iter3,sample,26.05
V4,V10,iter3,sample,22.79
V5,V10,iter3,sample,22
V6,V10,iter3,sample,25.605
V7,V10,iter3,sample,14.07
V8,V10,iter3,sample,11.345
V9,V10,iter3,sample,10.88
V10,V10,iter3,sample,12.885
T,V10,iter3,sample,0
V1,T,iter3,sample,46.3949999999999
V2,T,iter3,sample,57.4799999999999
V3,T,iter3,sample,47.0149999999998
V4,T,iter3,sample,56.2699999999999
V5,T,iter3,sample,46.68
V6,T,iter3,sample,45.5499999999999
V7,T,iter3,sample,52.8500000000001
V8,T,iter3,sample,55.6699999999998
V9,T,iter3,sample,46.3499999999999
V10,T,iter3,sample,45.7399999999998
T,T,iter3,sample,0
V1,V1,iter4,sample,49.815
V2,V1,iter4,sample,29.97
V3,V1,iter4,sample,60.12
V4,V1,iter4,sample,36.335
V5,V1,iter4,sample,65.61
V6,V1,iter4,sample,39.79
V7,V1,iter4,sample,16.82
V8,V1,iter4,sample,25.615
V9,V1,iter4,sample,16.555
V10,V1,iter4,sample,23.85
T,V1,iter4,sample,0
V1,V2,iter4,sample,26.09
V2,V2,iter4,sample,23.665
V3,V2,iter4,sample,46.085
V4,V2,iter4,sample,29.795
V5,V2,iter4,sample,52.145
V6,V2,iter4,sample,32.255
V7,V2,iter4,sample,12.61
V8,V2,iter4,sample,17.665
V9,V2,iter4,sample,15.135
V10,V2,iter4,sample,22.3
T,V2,iter4,sample,0
V1,V3,iter4,sample,48.175
V2,V3,iter4,sample,38.445
V3,V3,iter4,sample,30.805
V4,V3,iter4,sample,17.94
V5,V3,iter4,sample,59.4
V6,V3,iter4,sample,34.49
V7,V3,iter4,sample,16.65
V8,V3,iter4,sample,18.095
V9,V3,iter4,sample,19.79
V10,V3,iter4,sample,25.03
T,V3,iter4,sample,0
V1,V4,iter4,sample,34.56
V2,V4,iter4,sample,24.605
V3,V4,iter4,sample,24.165
V4,V4,iter4,sample,23.44
V5,V4,iter4,sample,48.22
V6,V4,iter4,sample,33.33
V7,V4,iter4,sample,16.275
V8,V4,iter4,sample,13.23
V9,V4,iter4,sample,17.53
V10,V4,iter4,sample,21.755
T,V4,iter4,sample,0
V1,V5,iter4,sample,49.59
V2,V5,iter4,sample,35.94
V3,V5,iter4,sample,61.225
V4,V5,iter4,sample,34.39
V5,V5,iter4,sample,23.395
V6,V5,iter4,sample,24.91
V7,V5,iter4,sample,15.71
V8,V5,iter4,sample,22.2
V9,V5,iter4,sample,17.64
V10,V5,iter4,sample,20.89
T,V5,iter4,sample,0
V1,V6,iter4,sample,35.545
V2,V6,iter4,sample,32.65
V3,V6,iter4,sample,45.015
V4,V6,iter4,sample,23.695
V5,V6,iter4,sample,17.2
V6,V6,iter4,sample,21.73
V7,V6,iter4,sample,16.63
V8,V6,iter4,sample,15.72
V9,V6,iter4,sample,20.01
V10,V6,iter4,sample,19.155
T,V6,iter4,sample,0
V1,V7,iter4,sample,30.17
V2,V7,iter4,sample,21.825
V3,V7,iter4,sample,23.065
V4,V7,iter4,sample,18.605
V5,V7,iter4,sample,19.985
V6,V7,iter4,sample,17.605
V7,V7,iter4,sample,10.87
V8,V7,iter4,sample,19.695
V9,V7,iter4,sample,15.305
V10,V7,iter4,sample,17
T,V7,iter4,sample,0
V1,V8,iter4,sample,29.325
V2,V8,iter4,sample,20.06
V3,V8,iter4,sample,24.89
V4,V8,iter4,sample,25.12
V5,V8,iter4,sample,32.03
V6,V8,iter4,sample,24.51
V7,V8,iter4,sample,13.735
V8,V8,iter4,sample,20.84
V9,V8,iter4,sample,21.74
V10,V8,iter4,sample,24.75
T,V8,iter4,sample,0
V1,V9,iter4,sample,36.145
V2,V9,iter4,sample,22.57
V3,V9,iter4,sample,24.935
V4,V9,iter4,sample,17.23
V5,V9,iter4,sample,30.83
V6,V9,iter4,sample,24.745
V7,V9,iter4,sample,10.88
V8,V9,iter4,sample,18.61
V9,V9,iter4,sample,19.96
V10,V9,iter4,sample,23.08
T,V9,iter4,sample,0
V1,V10,iter4,sample,35.015
V2,V10,iter4,sample,28.295
V3,V10,iter4,sample,45.585
V4,V10,iter4,sample,25.58
V5,V10,iter4,sample,36.965
V6,V10,iter4,sample,26.235
V7,V10,iter4,sample,15.72
V8,V10,iter4,sample,17.55
V9,V10,iter4,sample,18.765
V10,V10,iter4,sample,17.94
T,V10,iter4,sample,0
V1,T,iter4,sample,54.0499999999999
V2,T,iter4,sample,46.7200000000001
V3,T,iter4,sample,47.93
V4,T,iter4,sample,44.98
V5,T,iter4,sample,47.11
V6,T,iter4,sample,48.7499999999998
V7,T,iter4,sample,54.2249999999998
V8,T,iter4,sample,51.7799999999999
V9,T,iter4,sample,48.555
V10,T,iter4,sample,55.8999999999999
T,T,iter4,sample,0
V1,V1,iter5,sample,18.35
V2,V1,iter5,sample,13.83
V3,V1,iter5,sample,32.415
V4,V1,iter5,sample,35.76
V5,V1,iter5,sample,30.54
V6,V1,iter5,sample,29.11
V7,V1,iter5,sample,19.625
V8,V1,iter5,sample,11.81
V9,V1,iter5,sample,19.93
V10,V1,iter5,sample,8.865
T,V1,iter5,sample,0
V1,V2,iter5,sample,15.69
V2,V2,iter5,sample,24.955
V3,V2,iter5,sample,48.29
V4,V2,iter5,sample,55.955
V5,V2,iter5,sample,43.32
V6,V2,iter5,sample,43.79
V7,V2,iter5,sample,16.405
V8,V2,iter5,sample,12.785
V9,V2,iter5,sample,20.555
V10,V2,iter5,sample,16.615
T,V2,iter5,sample,0
V1,V3,iter5,sample,41.67
V2,V3,iter5,sample,48.48
V3,V3,iter5,sample,31.415
V4,V3,iter5,sample,26.04
V5,V3,iter5,sample,48.2
V6,V3,iter5,sample,36.925
V7,V3,iter5,sample,22.91
V8,V3,iter5,sample,20.405
V9,V3,iter5,sample,20.875
V10,V3,iter5,sample,18.09
T,V3,iter5,sample,0
V1,V4,iter5,sample,43.21
V2,V4,iter5,sample,46.1
V3,V4,iter5,sample,23.545
V4,V4,iter5,sample,24.315
V5,V4,iter5,sample,43.64
V6,V4,iter5,sample,37.685
V7,V4,iter5,sample,25.3
V8,V4,iter5,sample,15.87
V9,V4,iter5,sample,17.755
V10,V4,iter5,sample,15.89
T,V4,iter5,sample,0
V1,V5,iter5,sample,39.45
V2,V5,iter5,sample,51.22
V3,V5,iter5,sample,45.545
V4,V5,iter5,sample,53.95
V5,V5,iter5,sample,24.245
V6,V5,iter5,sample,20.525
V7,V5,iter5,sample,20.3
V8,V5,iter5,sample,22.405
V9,V5,iter5,sample,19.635
V10,V5,iter5,sample,16.575
T,V5,iter5,sample,0
V1,V6,iter5,sample,32.46
V2,V6,iter5,sample,52.215
V3,V6,iter5,sample,44.595
V4,V6,iter5,sample,37.175
V5,V6,iter5,sample,28.93
V6,V6,iter5,sample,28.785
V7,V6,iter5,sample,19.805
V8,V6,iter5,sample,19.905
V9,V6,iter5,sample,21.91
V10,V6,iter5,sample,18.33
T,V6,iter5,sample,0
V1,V7,iter5,sample,24.995
V2,V7,iter5,sample,31.98
V3,V7,iter5,sample,26.275
V4,V7,iter5,sample,27.825
V5,V7,iter5,sample,34.675
V6,V7,iter5,sample,34.48
V7,V7,iter5,sample,21.395
V8,V7,iter5,sample,19.095
V9,V7,iter5,sample,21.295
V10,V7,iter5,sample,14.64
T,V7,iter5,sample,0
V1,V8,iter5,sample,22.075
V2,V8,iter5,sample,28.255
V3,V8,iter5,sample,25.4
V4,V8,iter5,sample,19.05
V5,V8,iter5,sample,26.595
V6,V8,iter5,sample,26.29
V7,V8,iter5,sample,19.015
V8,V8,iter5,sample,14.59
V9,V8,iter5,sample,19.93
V10,V8,iter5,sample,13.935
T,V8,iter5,sample,0
V1,V9,iter5,sample,25.985
V2,V9,iter5,sample,33.37
V3,V9,iter5,sample,23.355
V4,V9,iter5,sample,30.77
V5,V9,iter5,sample,28.06
V6,V9,iter5,sample,27.315
V7,V9,iter5,sample,23.925
V8,V9,iter5,sample,14.545
V9,V9,iter5,sample,19.295
V10,V9,iter5,sample,17.25
T,V9,iter5,sample,0
V1,V10,iter5,sample,17.905
V2,V10,iter5,sample,23.47
V3,V10,iter5,sample,26.39
V4,V10,iter5,sample,26.74
V5,V10,iter5,sample,24.925
V6,V10,iter5,sample,16.235
V7,V10,iter5,sample,13.91
V8,V10,iter5,sample,11.835
V9,V10,iter5,sample,14.79
V10,V10,iter5,sample,7.345
T,V10,iter5,sample,0
V1,T,iter5,sample,40.4449999999999
V2,T,iter5,sample,46.4850000000001
V3,T,iter5,sample,55.7849999999998
V4,T,iter5,sample,49.7299999999999
V5,T,iter5,sample,50.7199999999999
V6,T,iter5,sample,51.97
V7,T,iter5,sample,54.0649999999999
V8,T,iter5,sample,54.8899999999998
V9,T,iter5,sample,53.9
V10,T,iter5,sample,42.01
T,T,iter5,sample,0
V1,V1,iter6,sample,37.385
V2,V1,iter6,sample,23.805
V3,V1,iter6,sample,51.09
V4,V1,iter6,sample,35.655
V5,V1,iter6,sample,37.23
V6,V1,iter6,sample,44.285
V7,V1,iter6,sample,14.05
V8,V1,iter6,sample,17.97
V9,V1,iter6,sample,18.43
V10,V1,iter6,sample,14.12
T,V1,iter6,sample,0
V1,V2,iter6,sample,23.9
V2,V2,iter6,sample,23.48
V3,V2,iter6,sample,55.68
V4,V2,iter6,sample,41.71
V5,V2,iter6,sample,32.445
V6,V2,iter6,sample,42.335
V7,V2,iter6,sample,15.13
V8,V2,iter6,sample,16.96
V9,V2,iter6,sample,14.67
V10,V2,iter6,sample,18.435
T,V2,iter6,sample,0
V1,V3,iter6,sample,47.115
V2,V3,iter6,sample,49.595
V3,V3,iter6,sample,35.8
V4,V3,iter6,sample,28.05
V5,V3,iter6,sample,48.08
V6,V3,iter6,sample,55.075
V7,V3,iter6,sample,24.885
V8,V3,iter6,sample,20.855
V9,V3,iter6,sample,23.125
V10,V3,iter6,sample,13.265
T,V3,iter6,sample,0
V1,V4,iter6,sample,47.34
V2,V4,iter6,sample,45.4
V3,V4,iter6,sample,38.89
V4,V4,iter6,sample,27.985
V5,V4,iter6,sample,42.745
V6,V4,iter6,sample,48.1750000000001
V7,V4,iter6,sample,18.405
V8,V4,iter6,sample,20.47
V9,V4,iter6,sample,16.79
V10,V4,iter6,sample,19.81
T,V4,iter6,sample,0
V1,V5,iter6,sample,52.82
V2,V5,iter6,sample,45.405
V3,V5,iter6,sample,50.735
V4,V5,iter6,sample,38.215
V5,V5,iter6,sample,39.23
V6,V5,iter6,sample,32.515
V7,V5,iter6,sample,25.405
V8,V5,iter6,sample,20.79
V9,V5,iter6,sample,22.26
V10,V5,iter6,sample,19.995
T,V5,iter6,sample,0
V1,V6,iter6,sample,49
V2,V6,iter6,sample,56.59
V3,V6,iter6,sample,57.285
V4,V6,iter6,sample,33.64
V5,V6,iter6,sample,29.475
V6,V6,iter6,sample,28.095
V7,V6,iter6,sample,13.56
V8,V6,iter6,sample,15.71
V9,V6,iter6,sample,22.12
V10,V6,iter6,sample,14.93
T,V6,iter6,sample,0
V1,V7,iter6,sample,26
V2,V7,iter6,sample,17.67
V3,V7,iter6,sample,30.725
V4,V7,iter6,sample,26.74
V5,V7,iter6,sample,28.135
V6,V7,iter6,sample,29.505
V7,V7,iter6,sample,15.98
V8,V7,iter6,sample,14.125
V9,V7,iter6,sample,14.02
V10,V7,iter6,sample,12.03
T,V7,iter6,sample,0
V1,V8,iter6,sample,22.33
V2,V8,iter6,sample,25.455
V3,V8,iter6,sample,30.45
V4,V8,iter6,sample,24.465
V5,V8,iter6,sample,30.725
V6,V8,iter6,sample,24.555
V7,V8,iter6,sample,14.34
V8,V8,iter6,sample,17.265
V9,V8,iter6,sample,16.165
V10,V8,iter6,sample,14.52
T,V8,iter6,sample,0
V1,V9,iter6,sample,25.98
V2,V9,iter6,sample,28.07
V3,V9,iter6,sample,29.415
V4,V9,iter6,sample,23.735
V5,V9,iter6,sample,31.18
V6,V9,iter6,sample,33.665
V7,V9,iter6,sample,14.545
V8,V9,iter6,sample,11.985
V9,V9,iter6,sample,16.77
V10,V9,iter6,sample,16.545
T,V9,iter6,sample,0
V1,V10,iter6,sample,19.345
V2,V10,iter6,sample,20.81
V3,V10,iter6,sample,26.645
V4,V10,iter6,sample,24.89
V5,V10,iter6,sample,28.275
V6,V10,iter6,sample,23.235
V7,V10,iter6,sample,12.785
V8,V10,iter6,sample,14.455
V9,V10,iter6,sample,17.555
V10,V10,iter6,sample,15.96
T,V10,iter6,sample,0
V1,T,iter6,sample,43.8049999999999
V2,T,iter6,sample,42.4650000000001
V3,T,iter6,sample,51.13
V4,T,iter6,sample,51.9249999999999
V5,T,iter6,sample,57.8499999999998
V6,T,iter6,sample,50.965
V7,T,iter6,sample,46.845
V8,T,iter6,sample,52.6849999999999
V9,T,iter6,sample,51.9849999999999
V10,T,iter6,sample,50.3449999999998
T,T,iter6,sample,0
V1,V1,iter7,sample,25.425
V2,V1,iter7,sample,20.085
V3,V1,iter7,sample,50.08
V4,V1,iter7,sample,35.095
V5,V1,iter7,sample,52.58
V6,V1,iter7,sample,40.325
V7,V1,iter7,sample,14.585
V8,V1,iter7,sample,16.72
V9,V1,iter7,sample,19.665
V10,V1,iter7,sample,18.03
T,V1,iter7,sample,0
V1,V2,iter7,sample,18.275
V2,V2,iter7,sample,27.985
V3,V2,iter7,sample,51.33
V4,V2,iter7,sample,42.015
V5,V2,iter7,sample,52.205
V6,V2,iter7,sample,36.23
V7,V2,iter7,sample,17.055
V8,V2,iter7,sample,17.115
V9,V2,iter7,sample,19.1
V10,V2,iter7,sample,17.295
T,V2,iter7,sample,0
V1,V3,iter7,sample,41.385
V2,V3,iter7,sample,40.69
V3,V3,iter7,sample,36.765
V4,V3,iter7,sample,21.77
V5,V3,iter7,sample,67.865
V6,V3,iter7,sample,42.365
V7,V3,iter7,sample,17.37
V8,V3,iter7,sample,15.35
V9,V3,iter7,sample,14.75
V10,V3,iter7,sample,20.9
T,V3,iter7,sample,0
V1,V4,iter7,sample,45.2
V2,V4,iter7,sample,42.13
V3,V4,iter7,sample,28.585
V4,V4,iter7,sample,19.965
V5,V4,iter7,sample,50.09
V6,V4,iter7,sample,34.735
V7,V4,iter7,sample,16.89
V8,V4,iter7,sample,20.285
V9,V4,iter7,sample,18.755
V10,V4,iter7,sample,17.855
T,V4,iter7,sample,0
V1,V5,iter7,sample,37.795
V2,V5,iter7,sample,46.54
V3,V5,iter7,sample,59.84
V4,V5,iter7,sample,44.235
V5,V5,iter7,sample,33.325
V6,V5,iter7,sample,32.895
V7,V5,iter7,sample,17.69
V8,V5,iter7,sample,20.335
V9,V5,iter7,sample,24.405
V10,V5,iter7,sample,24.155
T,V5,iter7,sample,0
V1,V6,iter7,sample,29.375
V2,V6,iter7,sample,34.65
V3,V6,iter7,sample,53.645
V4,V6,iter7,sample,42.925
V5,V6,iter7,sample,45.5
V6,V6,iter7,sample,23.905
V7,V6,iter7,sample,17.135
V8,V6,iter7,sample,14.755
V9,V6,iter7,sample,17.52
V10,V6,iter7,sample,12.065
T,V6,iter7,sample,0
V1,V7,iter7,sample,18.75
V2,V7,iter7,sample,26.61
V3,V7,iter7,sample,28.74
V4,V7,iter7,sample,26.44
V5,V7,iter7,sample,24.065
V6,V7,iter7,sample,18.79
V7,V7,iter7,sample,14.66
V8,V7,iter7,sample,12.56
V9,V7,iter7,sample,20.25
V10,V7,iter7,sample,13.465
T,V7,iter7,sample,0
V1,V8,iter7,sample,29.775
V2,V8,iter7,sample,28.41
V3,V8,iter7,sample,19.17
V4,V8,iter7,sample,23.095
V5,V8,iter7,sample,27.645
V6,V8,iter7,sample,19.12
V7,V8,iter7,sample,13.155
V8,V8,iter7,sample,22.69
V9,V8,iter7,sample,18.27
V10,V8,iter7,sample,17.375
T,V8,iter7,sample,0
V1,V9,iter7,sample,29.055
V2,V9,iter7,sample,28.765
V3,V9,iter7,sample,26.79
V4,V9,iter7,sample,28.395
V5,V9,iter7,sample,33.03
V6,V9,iter7,sample,28.415
V7,V9,iter7,sample,18.32
V8,V9,iter7,sample,15.01
V9,V9,iter7,sample,23.325
V10,V9,iter7,sample,15.32
T,V9,iter7,sample,0
V1,V10,iter7,sample,26.85
V2,V10,iter7,sample,29.46
V3,V10,iter7,sample,24.435
V4,V10,iter7,sample,24.925
V5,V10,iter7,sample,28.365
V6,V10,iter7,sample,22.435
V7,V10,iter7,sample,11.625
V8,V10,iter7,sample,12.45
V9,V10,iter7,sample,15.81
V10,V10,iter7,sample,13.885
T,V10,iter7,sample,0
V1,T,iter7,sample,50.7049999999999
V2,T,iter7,sample,48.2799999999999
V3,T,iter7,sample,50.8299999999999
V4,T,iter7,sample,49.6299999999999
V5,T,iter7,sample,50.5450000000001
V6,T,iter7,sample,46.2599999999999
V7,T,iter7,sample,48.8449999999999
V8,T,iter7,sample,52.4349999999997
V9,T,iter7,sample,54.5749999999999
V10,T,iter7,sample,47.8949999999999
T,T,iter7,sample,0
V1,V1,iter8,sample,22.175
V2,V1,iter8,sample,21.71
V3,V1,iter8,sample,40.25
V4,V1,iter8,sample,27.97
V5,V1,iter8,sample,41.14
V6,V1,iter8,sample,52.195
V7,V1,iter8,sample,14.505
V8,V1,iter8,sample,14.22
V9,V1,iter8,sample,16.575
V10,V1,iter8,sample,14.285
T,V1,iter8,sample,0
V1,V2,iter8,sample,24.265
V2,V2,iter8,sample,41.365
V3,V2,iter8,sample,53.375
V4,V2,iter8,sample,44.86
V5,V2,iter8,sample,55.27
V6,V2,iter8,sample,52.545
V7,V2,iter8,sample,12.93
V8,V2,iter8,sample,19.035
V9,V2,iter8,sample,19.16
V10,V2,iter8,sample,20.805
T,V2,iter8,sample,0
V1,V3,iter8,sample,37.065
V2,V3,iter8,sample,58.78
V3,V3,iter8,sample,20.705
V4,V3,iter8,sample,22.06
V5,V3,iter8,sample,38.425
V6,V3,iter8,sample,53.395
V7,V3,iter8,sample,18.14
V8,V3,iter8,sample,14.945
V9,V3,iter8,sample,22.66
V10,V3,iter8,sample,23.195
T,V3,iter8,sample,0
V1,V4,iter8,sample,44.84
V2,V4,iter8,sample,39.79
V3,V4,iter8,sample,27.58
V4,V4,iter8,sample,22.935
V5,V4,iter8,sample,45.3
V6,V4,iter8,sample,38.59
V7,V4,iter8,sample,11.69
V8,V4,iter8,sample,13.625
V9,V4,iter8,sample,18.2
V10,V4,iter8,sample,21.315
T,V4,iter8,sample,0
V1,V5,iter8,sample,44.38
V2,V5,iter8,sample,61.225
V3,V5,iter8,sample,43.14
V4,V5,iter8,sample,35.65
V5,V5,iter8,sample,28.56
V6,V5,iter8,sample,20.71
V7,V5,iter8,sample,14.54
V8,V5,iter8,sample,17.455
V9,V5,iter8,sample,15.365
V10,V5,iter8,sample,16.95
T,V5,iter8,sample,0
V1,V6,iter8,sample,45.945
V2,V6,iter8,sample,50.485
V3,V6,iter8,sample,47.415
V4,V6,iter8,sample,32.965
V5,V6,iter8,sample,19.895
V6,V6,iter8,sample,25.66
V7,V6,iter8,sample,17.765
V8,V6,iter8,sample,15.91
V9,V6,iter8,sample,17.07
V10,V6,iter8,sample,20.54
T,V6,iter8,sample,0
V1,V7,iter8,sample,18.395
V2,V7,iter8,sample,23.985
V3,V7,iter8,sample,23.795
V4,V7,iter8,sample,18.67
V5,V7,iter8,sample,18.795
V6,V7,iter8,sample,21.105
V7,V7,iter8,sample,12.31
V8,V7,iter8,sample,9.585
V9,V7,iter8,sample,11.085
V10,V7,iter8,sample,14.64
T,V7,iter8,sample,0
V1,V8,iter8,sample,21.105
V2,V8,iter8,sample,27.095
V3,V8,iter8,sample,20.675
V4,V8,iter8,sample,21.115
V5,V8,iter8,sample,28.265
V6,V8,iter8,sample,26.2
V7,V8,iter8,sample,10.72
V8,V8,iter8,sample,15.16
V9,V8,iter8,sample,9.9
V10,V8,iter8,sample,16.38
T,V8,iter8,sample,0
V1,V9,iter8,sample,23.105
V2,V9,iter8,sample,22.73
V3,V9,iter8,sample,34.655
V4,V9,iter8,sample,22.01
V5,V9,iter8,sample,23.5
V6,V9,iter8,sample,24.995
V7,V9,iter8,sample,10.04
V8,V9,iter8,sample,10.96
V9,V9,iter8,sample,10.965
V10,V9,iter8,sample,16.75
T,V9,iter8,sample,0
V1,V10,iter8,sample,23.74
V2,V10,iter8,sample,34.405
V3,V10,iter8,sample,26.58
V4,V10,iter8,sample,28.985
V5,V10,iter8,sample,26.855
V6,V10,iter8,sample,26.785
V7,V10,iter8,sample,12.385
V8,V10,iter8,sample,16.76
V9,V10,iter8,sample,18.25
V10,V10,iter8,sample,15.58
T,V10,iter8,sample,0
V1,T,iter8,sample,46.0099999999999
V2,T,iter8,sample,56.0399999999997
V3,T,iter8,sample,51.2
V4,T,iter8,sample,48.6449999999999
V5,T,iter8,sample,52.9699999999998
V6,T,iter8,sample,48.4699999999999
V7,T,iter8,sample,44.3400000000001
V8,T,iter8,sample,50.96
V9,T,iter8,sample,47.48
V10,T,iter8,sample,53.8849999999998
T,T,iter8,sample,0
V1,V1,iter9,sample,26.085
V2,V1,iter9,sample,24.165
V3,V1,iter9,sample,47.695
V4,V1,iter9,sample,38.255
V5,V1,iter9,sample,41.89
V6,V1,iter9,sample,37.475
V7,V1,iter9,sample,18.165
V8,V1,iter9,sample,15.07
V9,V1,iter9,sample,16.33
V10,V1,iter9,sample,16.705
T,V1,iter9,sample,0
V1,V2,iter9,sample,24.69
V2,V2,iter9,sample,34.835
V3,V2,iter9,sample,54.44
V4,V2,iter9,sample,31.015
V5,V2,iter9,sample,49.945
V6,V2,iter9,sample,45.355
V7,V2,iter9,sample,17.665
V8,V2,iter9,sample,19.44
V9,V2,iter9,sample,17.185
V10,V2,iter9,sample,20.86
T,V2,iter9,sample,0
V1,V3,iter9,sample,44.03
V2,V3,iter9,sample,64.25
V3,V3,iter9,sample,43.115
V4,V3,iter9,sample,23.615
V5,V3,iter9,sample,48.295
V6,V3,iter9,sample,47.61
V7,V3,iter9,sample,27.415
V8,V3,iter9,sample,21.17
V9,V3,iter9,sample,20.47
V10,V3,iter9,sample,20.05
T,V3,iter9,sample,0
V1,V4,iter9,sample,36.705
V2,V4,iter9,sample,40.955
V3,V4,iter9,sample,32.43
V4,V4,iter9,sample,25.685
V5,V4,iter9,sample,43.14
V6,V4,iter9,sample,35.675
V7,V4,iter9,sample,21.38
V8,V4,iter9,sample,14.145
V9,V4,iter9,sample,18.985
V10,V4,iter9,sample,16.415
T,V4,iter9,sample,0
V1,V5,iter9,sample,45.06
V2,V5,iter9,sample,43.71
V3,V5,iter9,sample,52.57
V4,V5,iter9,sample,33.12
V5,V5,iter9,sample,35.02
V6,V5,iter9,sample,26.1
V7,V5,iter9,sample,22.645
V8,V5,iter9,sample,18.975
V9,V5,iter9,sample,16.175
V10,V5,iter9,sample,17.365
T,V5,iter9,sample,0
V1,V6,iter9,sample,28.595
V2,V6,iter9,sample,46.21
V3,V6,iter9,sample,49.665
V4,V6,iter9,sample,36.005
V5,V6,iter9,sample,26.11
V6,V6,iter9,sample,28.47
V7,V6,iter9,sample,20.11
V8,V6,iter9,sample,15.145
V9,V6,iter9,sample,17.405
V10,V6,iter9,sample,13.98
T,V6,iter9,sample,0
V1,V7,iter9,sample,27.96
V2,V7,iter9,sample,32.41
V3,V7,iter9,sample,31.075
V4,V7,iter9,sample,29.085
V5,V7,iter9,sample,35.02
V6,V7,iter9,sample,24.455
V7,V7,iter9,sample,21.26
V8,V7,iter9,sample,13.92
V9,V7,iter9,sample,16.855
V10,V7,iter9,sample,13.59
T,V7,iter9,sample,0
V1,V8,iter9,sample,21.865
V2,V8,iter9,sample,25.325
V3,V8,iter9,sample,27.97
V4,V8,iter9,sample,23.515
V5,V8,iter9,sample,24.93
V6,V8,iter9,sample,16.79
V7,V8,iter9,sample,17.36
V8,V8,iter9,sample,11.03
V9,V8,iter9,sample,12.045
V10,V8,iter9,sample,12.355
T,V8,iter9,sample,0
V1,V9,iter9,sample,24.825
V2,V9,iter9,sample,29.035
V3,V9,iter9,sample,25.925
V4,V9,iter9,sample,17.825
V5,V9,iter9,sample,31.145
V6,V9,iter9,sample,24.88
V7,V9,iter9,sample,19.015
V8,V9,iter9,sample,14.375
V9,V9,iter9,sample,15.295
V10,V9,iter9,sample,13.425
T,V9,iter9,sample,0
V1,V10,iter9,sample,19.2
V2,V10,iter9,sample,35.115
V3,V10,iter9,sample,35.54
V4,V10,iter9,sample,17.84
V5,V10,iter9,sample,20.595
V6,V10,iter9,sample,21.595
V7,V10,iter9,sample,14.83
V8,V10,iter9,sample,8.24
V9,V10,iter9,sample,12.995
V10,V10,iter9,sample,12.34
T,V10,iter9,sample,0
V1,T,iter9,sample,48.8199999999999
V2,T,iter9,sample,49.4199999999999
V3,T,iter9,sample,55.5949999999999
V4,T,iter9,sample,48.555
V5,T,iter9,sample,53.6499999999999
V6,T,iter9,sample,45.2899999999998
V7,T,iter9,sample,54.7849999999998
V8,T,iter9,sample,45.6749999999999
V9,T,iter9,sample,53.0049999999998
V10,T,iter9,sample,45.2050000000001
T,T,iter9,sample,0
V1,V1,iter10,sample,37.45
V2,V1,iter10,sample,46.91
V3,V1,iter10,sample,43.13
V4,V1,iter10,sample,35.98
V5,V1,iter10,sample,41.07
V6,V1,iter10,sample,31.645
V7,V1,iter10,sample,13.575
V8,V1,iter10,sample,17.605
V9,V1,iter10,sample,11.395
V10,V1,iter10,sample,21.345
T,V1,iter10,sample,0
V1,V2,iter10,sample,22
V2,V2,iter10,sample,30.49
V3,V2,iter10,sample,48.36
V4,V2,iter10,sample,54.24
V5,V2,iter10,sample,50.2900000000001
V6,V2,iter10,sample,42.825
V7,V2,iter10,sample,20.49
V8,V2,iter10,sample,19.73
V9,V2,iter10,sample,11.29
V10,V2,iter10,sample,26.445
T,V2,iter10,sample,0
V1,V3,iter10,sample,37.01
V2,V3,iter10,sample,63.285
V3,V3,iter10,sample,28.28
V4,V3,iter10,sample,19.315
V5,V3,iter10,sample,40.245
V6,V3,iter10,sample,27.17
V7,V3,iter10,sample,20.655
V8,V3,iter10,sample,20.515
V9,V3,iter10,sample,14.625
V10,V3,iter10,sample,22.37
T,V3,iter10,sample,0
V1,V4,iter10,sample,37.265
V2,V4,iter10,sample,51.875
V3,V4,iter10,sample,21.245
V4,V4,iter10,sample,29.005
V5,V4,iter10,sample,48.395
V6,V4,iter10,sample,27.195
V7,V4,iter10,sample,14.355
V8,V4,iter10,sample,21.24
V9,V4,iter10,sample,14.585
V10,V4,iter10,sample,20.83
T,V4,iter10,sample,0
V1,V5,iter10,sample,39.445
V2,V5,iter10,sample,56.93
V3,V5,iter10,sample,50.125
V4,V5,iter10,sample,40.735
V5,V5,iter10,sample,30.29
V6,V5,iter10,sample,22.855
V7,V5,iter10,sample,14.39
V8,V5,iter10,sample,16.06
V9,V5,iter10,sample,18.295
V10,V5,iter10,sample,21.43
T,V5,iter10,sample,0
V1,V6,iter10,sample,27.515
V2,V6,iter10,sample,39.71
V3,V6,iter10,sample,41.375
V4,V6,iter10,sample,39.25
V5,V6,iter10,sample,31.045
V6,V6,iter10,sample,33.42
V7,V6,iter10,sample,17.05
V8,V6,iter10,sample,16.655
V9,V6,iter10,sample,15.155
V10,V6,iter10,sample,22.82
T,V6,iter10,sample,0
V1,V7,iter10,sample,22.935
V2,V7,iter10,sample,23.975
V3,V7,iter10,sample,21.09
V4,V7,iter10,sample,18.635
V5,V7,iter10,sample,21.455
V6,V7,iter10,sample,25.34
V7,V7,iter10,sample,11.555
V8,V7,iter10,sample,14.05
V9,V7,iter10,sample,11.72
V10,V7,iter10,sample,20.36
T,V7,iter10,sample,0
V1,V8,iter10,sample,20.69
V2,V8,iter10,sample,35.07
V3,V8,iter10,sample,27.19
V4,V8,iter10,sample,23.005
V5,V8,iter10,sample,27.77
V6,V8,iter10,sample,23.335
V7,V8,iter10,sample,12.315
V8,V8,iter10,sample,20.77
V9,V8,iter10,sample,11.31
V10,V8,iter10,sample,13.67
T,V8,iter10,sample,0
V1,V9,iter10,sample,21.345
V2,V9,iter10,sample,26.25
V3,V9,iter10,sample,21.525
V4,V9,iter10,sample,23.34
V5,V9,iter10,sample,20.125
V6,V9,iter10,sample,21.955
V7,V9,iter10,sample,9.44
V8,V9,iter10,sample,12.45
V9,V9,iter10,sample,17.305
V10,V9,iter10,sample,21.465
T,V9,iter10,sample,0
V1,V10,iter10,sample,32.555
V2,V10,iter10,sample,37.985
V3,V10,iter10,sample,31.44
V4,V10,iter10,sample,36.39
V5,V10,iter10,sample,25.49
V6,V10,iter10,sample,25.725
V7,V10,iter10,sample,15.105
V8,V10,iter10,sample,21.545
V9,V10,iter10,sample,18.085
V10,V10,iter10,sample,17.495
T,V10,iter10,sample,0
V1,T,iter10,sample,51.895
V2,T,iter10,sample,51.6799999999999
V3,T,iter10,sample,44.71
V4,T,iter10,sample,50.0949999999998
V5,T,iter10,sample,49.3800000000001
V6,T,iter10,sample,49.5299999999999
V7,T,iter10,sample,47.185
V8,T,iter10,sample,43.505
V9,T,iter10,sample,53.4349999999999
V10,T,iter10,sample,58.5849999999999
T,T,iter10,sample,0
V1,V1,iter11,sample,20.14
V2,V1,iter11,sample,30.16
V3,V1,iter11,sample,32.625
V4,V1,iter11,sample,57.3
V5,V1,iter11,sample,35.86
V6,V1,iter11,sample,56.2
V7,V1,iter11,sample,15.305
V8,V1,iter11,sample,15.51
V9,V1,iter11,sample,20.5
V10,V1,iter11,sample,16.92
T,V1,iter11,sample,0
V1,V2,iter11,sample,27.67
V2,V2,iter11,sample,25.32
V3,V2,iter11,sample,47
V4,V2,iter11,sample,41.2250000000001
V5,V2,iter11,sample,46.205
V6,V2,iter11,sample,65.95
V7,V2,iter11,sample,18.61
V8,V2,iter11,sample,18.25
V9,V2,iter11,sample,19.62
V10,V2,iter11,sample,18.565
T,V2,iter11,sample,0
V1,V3,iter11,sample,28.205
V2,V3,iter11,sample,48.515
V3,V3,iter11,sample,27.295
V4,V3,iter11,sample,22.545
V5,V3,iter11,sample,45.675
V6,V3,iter11,sample,46.195
V7,V3,iter11,sample,16.505
V8,V3,iter11,sample,16.98
V9,V3,iter11,sample,17.125
V10,V3,iter11,sample,17.745
T,V3,iter11,sample,0
V1,V4,iter11,sample,35.52
V2,V4,iter11,sample,47.835
V3,V4,iter11,sample,20.145
V4,V4,iter11,sample,31.7
V5,V4,iter11,sample,46.15
V6,V4,iter11,sample,70.595
V7,V4,iter11,sample,20.28
V8,V4,iter11,sample,21.24
V9,V4,iter11,sample,16.555
V10,V4,iter11,sample,22.595
T,V4,iter11,sample,0
V1,V5,iter11,sample,34.145
V2,V5,iter11,sample,42.08
V3,V5,iter11,sample,33.085
V4,V5,iter11,sample,42.69
V5,V5,iter11,sample,27.435
V6,V5,iter11,sample,29.67
V7,V5,iter11,sample,15.91
V8,V5,iter11,sample,12.285
V9,V5,iter11,sample,24.23
V10,V5,iter11,sample,13.53
T,V5,iter11,sample,0
V1,V6,iter11,sample,37.96
V2,V6,iter11,sample,51.685
V3,V6,iter11,sample,33.5
V4,V6,iter11,sample,44.525
V5,V6,iter11,sample,27.24
V6,V6,iter11,sample,41.4
V7,V6,iter11,sample,17.195
V8,V6,iter11,sample,21.515
V9,V6,iter11,sample,17.22
V10,V6,iter11,sample,20.69
T,V6,iter11,sample,0
V1,V7,iter11,sample,25.32
V2,V7,iter11,sample,32.755
V3,V7,iter11,sample,25.42
V4,V7,iter11,sample,22.23
V5,V7,iter11,sample,20.735
V6,V7,iter11,sample,23.865
V7,V7,iter11,sample,17.52
V8,V7,iter11,sample,14.12
V9,V7,iter11,sample,16.81
V10,V7,iter11,sample,17.69
T,V7,iter11,sample,0
V1,V8,iter11,sample,24.52
V2,V8,iter11,sample,28.27
V3,V8,iter11,sample,18.645
V4,V8,iter11,sample,28.63
V5,V8,iter11,sample,19.255
V6,V8,iter11,sample,24.725
V7,V8,iter11,sample,16.31
V8,V8,iter11,sample,15.62
V9,V8,iter11,sample,12.31
V10,V8,iter11,sample,18.39
T,V8,iter11,sample,0
V1,V9,iter11,sample,25.26
V2,V9,iter11,sample,27.84
V3,V9,iter11,sample,25.045
V4,V9,iter11,sample,34.845
V5,V9,iter11,sample,21.495
V6,V9,iter11,sample,25.9
V7,V9,iter11,sample,12.8
V8,V9,iter11,sample,16.605
V9,V9,iter11,sample,23.705
V10,V9,iter11,sample,15.355
T,V9,iter11,sample,0
V1,V10,iter11,sample,33.535
V2,V10,iter11,sample,38.845
V3,V10,iter11,sample,18.385
V4,V10,iter11,sample,27.66
V5,V10,iter11,sample,22
V6,V10,iter11,sample,22.17
V7,V10,iter11,sample,13.45
V8,V10,iter11,sample,15.3
V9,V10,iter11,sample,12.63
V10,V10,iter11,sample,12.835
T,V10,iter11,sample,0
V1,T,iter11,sample,47.245
V2,T,iter11,sample,54.11
V3,T,iter11,sample,47.64
V4,T,iter11,sample,49.265
V5,T,iter11,sample,48.0099999999998
V6,T,iter11,sample,49.2599999999999
V7,T,iter11,sample,55.5799999999999
V8,T,iter11,sample,48.2499999999999
V9,T,iter11,sample,52.145
V10,T,iter11,sample,48.495
T,T,iter11,sample,0
V1,V1,iter12,sample,32.085
V2,V1,iter12,sample,27.155
V3,V1,iter12,sample,43.48
V4,V1,iter12,sample,41.625
V5,V1,iter12,sample,38.785
V6,V1,iter12,sample,38.38
V7,V1,iter12,sample,18.07
V8,V1,iter12,sample,16.745
V9,V1,iter12,sample,18.6
V10,V1,iter12,sample,18.13
T,V1,iter12,sample,0
V1,V2,iter12,sample,28.31
V2,V2,iter12,sample,31.035
V3,V2,iter12,sample,33.775
V4,V2,iter12,sample,32.395
V5,V2,iter12,sample,35.445
V6,V2,iter12,sample,37.54
V7,V2,iter12,sample,14.265
V8,V2,iter12,sample,22.32
V9,V2,iter12,sample,18.43
V10,V2,iter12,sample,15.11
T,V2,iter12,sample,0
V1,V3,iter12,sample,48.225
V2,V3,iter12,sample,38.045
V3,V3,iter12,sample,30.89
V4,V3,iter12,sample,30.005
V5,V3,iter12,sample,42.39
V6,V3,iter12,sample,43.315
V7,V3,iter12,sample,15.77
V8,V3,iter12,sample,20.43
V9,V3,iter12,sample,15.995
V10,V3,iter12,sample,19.42
T,V3,iter12,sample,0
V1,V4,iter12,sample,48.995
V2,V4,iter12,sample,38.77
V3,V4,iter12,sample,25.82
V4,V4,iter12,sample,30.005
V5,V4,iter12,sample,41.335
V6,V4,iter12,sample,45.595
V7,V4,iter12,sample,21.185
V8,V4,iter12,sample,23.565
V9,V4,iter12,sample,19.47
V10,V4,iter12,sample,14.71
T,V4,iter12,sample,0
V1,V5,iter12,sample,47.08
V2,V5,iter12,sample,28.685
V3,V5,iter12,sample,49.425
V4,V5,iter12,sample,46.73
V5,V5,iter12,sample,29.18
V6,V5,iter12,sample,21.295
V7,V5,iter12,sample,17.035
V8,V5,iter12,sample,19.635
V9,V5,iter12,sample,15.135
V10,V5,iter12,sample,20.315
T,V5,iter12,sample,0
V1,V6,iter12,sample,46.005
V2,V6,iter12,sample,38.99
V3,V6,iter12,sample,52.5
V4,V6,iter12,sample,42.25
V5,V6,iter12,sample,23.66
V6,V6,iter12,sample,30.58
V7,V6,iter12,sample,14.845
V8,V6,iter12,sample,21.445
V9,V6,iter12,sample,14.385
V10,V6,iter12,sample,13.64
T,V6,iter12,sample,0
V1,V7,iter12,sample,15.985
V2,V7,iter12,sample,21.85
V3,V7,iter12,sample,29.955
V4,V7,iter12,sample,25.7
V5,V7,iter12,sample,22.81
V6,V7,iter12,sample,31.34
V7,V7,iter12,sample,10.03
V8,V7,iter12,sample,15.015
V9,V7,iter12,sample,14.965
V10,V7,iter12,sample,11.235
T,V7,iter12,sample,0
V1,V8,iter12,sample,30.545
V2,V8,iter12,sample,26.715
V3,V8,iter12,sample,28.57
V4,V8,iter12,sample,30.14
V5,V8,iter12,sample,29.055
V6,V8,iter12,sample,31.475
V7,V8,iter12,sample,13.01
V8,V8,iter12,sample,20.675
V9,V8,iter12,sample,19.865
V10,V8,iter12,sample,16.41
T,V8,iter12,sample,0
V1,V9,iter12,sample,31.325
V2,V9,iter12,sample,24.925
V3,V9,iter12,sample,24.135
V4,V9,iter12,sample,24.235
V5,V9,iter12,sample,19.855
V6,V9,iter12,sample,28.28
V7,V9,iter12,sample,15.595
V8,V9,iter12,sample,19.605
V9,V9,iter12,sample,18.64
V10,V9,iter12,sample,15.37
T,V9,iter12,sample,0
V1,V10,iter12,sample,20.735
V2,V10,iter12,sample,15.355
V3,V10,iter12,sample,25.25
V4,V10,iter12,sample,24.895
V5,V10,iter12,sample,26.88
V6,V10,iter12,sample,27.1
V7,V10,iter12,sample,14.475
V8,V10,iter12,sample,16.125
V9,V10,iter12,sample,15.41
V10,V10,iter12,sample,13.02
T,V10,iter12,sample,0
V1,T,iter12,sample,49.765
V2,T,iter12,sample,50.0999999999999
V3,T,iter12,sample,51.685
V4,T,iter12,sample,51.4699999999999
V5,T,iter12,sample,50.1199999999999
V6,T,iter12,sample,47.3999999999999
V7,T,iter12,sample,49.6049999999998
V8,T,iter12,sample,51.8999999999999
V9,T,iter12,sample,54.0699999999999
V10,T,iter12,sample,43.885
T,T,iter12,sample,0
V1,V1,iter13,sample,24.745
V2,V1,iter13,sample,26.915
V3,V1,iter13,sample,45.9
V4,V1,iter13,sample,42.565
V5,V1,iter13,sample,37.77
V6,V1,iter13,sample,44.55
V7,V1,iter13,sample,19.65
V8,V1,iter13,sample,17.37
V9,V1,iter13,sample,18.12
V10,V1,iter13,sample,15.21
T,V1,iter13,sample,0
V1,V2,iter13,sample,30.735
V2,V2,iter13,sample,37.805
V3,V2,iter13,sample,45.725
V4,V2,iter13,sample,47.87
V5,V2,iter13,sample,50.025
V6,V2,iter13,sample,65.6
V7,V2,iter13,sample,26.575
V8,V2,iter13,sample,24.885
V9,V2,iter13,sample,21.82
V10,V2,iter13,sample,18.005
T,V2,iter13,sample,0
V1,V3,iter13,sample,33.865
V2,V3,iter13,sample,45.345
V3,V3,iter13,sample,25.1
V4,V3,iter13,sample,22.125
V5,V3,iter13,sample,48.86
V6,V3,iter13,sample,39.88
V7,V3,iter13,sample,23.795
V8,V3,iter13,sample,17.825
V9,V3,iter13,sample,14.73
V10,V3,iter13,sample,11.4
T,V3,iter13,sample,0
V1,V4,iter13,sample,38.885
V2,V4,iter13,sample,51.495
V3,V4,iter13,sample,20.315
V4,V4,iter13,sample,25.905
V5,V4,iter13,sample,41.115
V6,V4,iter13,sample,47.12
V7,V4,iter13,sample,23.76
V8,V4,iter13,sample,21.3
V9,V4,iter13,sample,17.13
V10,V4,iter13,sample,12.9
T,V4,iter13,sample,0
V1,V5,iter13,sample,32.625
V2,V5,iter13,sample,45.545
V3,V5,iter13,sample,47.675
V4,V5,iter13,sample,49.885
V5,V5,iter13,sample,30.855
V6,V5,iter13,sample,26.08
V7,V5,iter13,sample,23.6
V8,V5,iter13,sample,20.5
V9,V5,iter13,sample,16.47
V10,V5,iter13,sample,14.18
T,V5,iter13,sample,0
V1,V6,iter13,sample,38.77
V2,V6,iter13,sample,45.47
V3,V6,iter13,sample,45.405
V4,V6,iter13,sample,45.58
V5,V6,iter13,sample,26.025
V6,V6,iter13,sample,30.635
V7,V6,iter13,sample,21.92
V8,V6,iter13,sample,19.355
V9,V6,iter13,sample,16.17
V10,V6,iter13,sample,11.37
T,V6,iter13,sample,0
V1,V7,iter13,sample,26.61
V2,V7,iter13,sample,36.52
V3,V7,iter13,sample,31.455
V4,V7,iter13,sample,32.545
V5,V7,iter13,sample,26.7
V6,V7,iter13,sample,32.34
V7,V7,iter13,sample,17.095
V8,V7,iter13,sample,14.9
V9,V7,iter13,sample,14.575
V10,V7,iter13,sample,12.39
T,V7,iter13,sample,0
V1,V8,iter13,sample,25.005
V2,V8,iter13,sample,34.41
V3,V8,iter13,sample,26.885
V4,V8,iter13,sample,26.61
V5,V8,iter13,sample,21.11
V6,V8,iter13,sample,29.96
V7,V8,iter13,sample,16.325
V8,V8,iter13,sample,14.595
V9,V8,iter13,sample,14.07
V10,V8,iter13,sample,13.735
T,V8,iter13,sample,0
V1,V9,iter13,sample,18.86
V2,V9,iter13,sample,27.375
V3,V9,iter13,sample,25.455
V4,V9,iter13,sample,22.345
V5,V9,iter13,sample,29.085
V6,V9,iter13,sample,28.62
V7,V9,iter13,sample,17.895
V8,V9,iter13,sample,14.09
V9,V9,iter13,sample,20.07
V10,V9,iter13,sample,9.485
T,V9,iter13,sample,0
V1,V10,iter13,sample,19.81
V2,V10,iter13,sample,26.925
V3,V10,iter13,sample,19.835
V4,V10,iter13,sample,19.58
V5,V10,iter13,sample,19.69
V6,V10,iter13,sample,21.565
V7,V10,iter13,sample,13.26
V8,V10,iter13,sample,12.205
V9,V10,iter13,sample,12.615
V10,V10,iter13,sample,14.71
T,V10,iter13,sample,0
V1,T,iter13,sample,48.8849999999999
V2,T,iter13,sample,50.24
V3,T,iter13,sample,50.1749999999999
V4,T,iter13,sample,50.9149999999999
V5,T,iter13,sample,51.1799999999998
V6,T,iter13,sample,51.3499999999999
V7,T,iter13,sample,47.255
V8,T,iter13,sample,50.68
V9,T,iter13,sample,52.5099999999999
V10,T,iter13,sample,46.8099999999999
T,T,iter13,sample,0
V1,V1,iter14,sample,37.86
V2,V1,iter14,sample,21.03
V3,V1,iter14,sample,49.455
V4,V1,iter14,sample,41.615
V5,V1,iter14,sample,46.565
V6,V1,iter14,sample,33.225
V7,V1,iter14,sample,16.615
V8,V1,iter14,sample,21.58
V9,V1,iter14,sample,17.915
V10,V1,iter14,sample,19.09
T,V1,iter14,sample,0
V1,V2,iter14,sample,38.66
V2,V2,iter14,sample,39.61
V3,V2,iter14,sample,53.57
V4,V2,iter14,sample,37.645
V5,V2,iter14,sample,43.945
V6,V2,iter14,sample,30.065
V7,V2,iter14,sample,18.75
V8,V2,iter14,sample,17.235
V9,V2,iter14,sample,20.68
V10,V2,iter14,sample,18.655
T,V2,iter14,sample,0
V1,V3,iter14,sample,52.795
V2,V3,iter14,sample,47.655
V3,V3,iter14,sample,40.9
V4,V3,iter14,sample,22.695
V5,V3,iter14,sample,58.86
V6,V3,iter14,sample,31.01
V7,V3,iter14,sample,17.275
V8,V3,iter14,sample,18.475
V9,V3,iter14,sample,16.855
V10,V3,iter14,sample,20.785
T,V3,iter14,sample,0
V1,V4,iter14,sample,40.68
V2,V4,iter14,sample,36.71
V3,V4,iter14,sample,18.61
V4,V4,iter14,sample,16.59
V5,V4,iter14,sample,41.515
V6,V4,iter14,sample,19.14
V7,V4,iter14,sample,14.63
V8,V4,iter14,sample,10.845
V9,V4,iter14,sample,11.295
V10,V4,iter14,sample,15.545
T,V4,iter14,sample,0
V1,V5,iter14,sample,57.375
V2,V5,iter14,sample,49.53
V3,V5,iter14,sample,52.09
V4,V5,iter14,sample,41.865
V5,V5,iter14,sample,34.56
V6,V5,iter14,sample,17.36
V7,V5,iter14,sample,20.925
V8,V5,iter14,sample,24.17
V9,V5,iter14,sample,20.55
V10,V5,iter14,sample,24.73
T,V5,iter14,sample,0
V1,V6,iter14,sample,48.33
V2,V6,iter14,sample,35.72
V3,V6,iter14,sample,40.895
V4,V6,iter14,sample,24.51
V5,V6,iter14,sample,20.915
V6,V6,iter14,sample,16.98
V7,V6,iter14,sample,21.135
V8,V6,iter14,sample,15.255
V9,V6,iter14,sample,15.14
V10,V6,iter14,sample,14.71
T,V6,iter14,sample,0
V1,V7,iter14,sample,30.38
V2,V7,iter14,sample,28.31
V3,V7,iter14,sample,28.79
V4,V7,iter14,sample,21.93
V5,V7,iter14,sample,24.53
V6,V7,iter14,sample,20.28
V7,V7,iter14,sample,11.665
V8,V7,iter14,sample,11.84
V9,V7,iter14,sample,12.865
V10,V7,iter14,sample,18.085
T,V7,iter14,sample,0
V1,V8,iter14,sample,30.095
V2,V8,iter14,sample,24.175
V3,V8,iter14,sample,29.78
V4,V8,iter14,sample,17.06
V5,V8,iter14,sample,34.84
V6,V8,iter14,sample,21.165
V7,V8,iter14,sample,11.53
V8,V8,iter14,sample,19.345
V9,V8,iter14,sample,14.12
V10,V8,iter14,sample,15.925
T,V8,iter14,sample,0
V1,V9,iter14,sample,22.45
V2,V9,iter14,sample,23.51
V3,V9,iter14,sample,27.14
V4,V9,iter14,sample,23.075
V5,V9,iter14,sample,24.155
V6,V9,iter14,sample,22.25
V7,V9,iter14,sample,14.67
V8,V9,iter14,sample,17.355
V9,V9,iter14,sample,20.835
V10,V9,iter14,sample,15.81
T,V9,iter14,sample,0
V1,V10,iter14,sample,24.745
V2,V10,iter14,sample,29.23
V3,V10,iter14,sample,36.06
V4,V10,iter14,sample,23.01
V5,V10,iter14,sample,33.36
V6,V10,iter14,sample,20.26
V7,V10,iter14,sample,15.785
V8,V10,iter14,sample,16.305
V9,V10,iter14,sample,14.445
V10,V10,iter14,sample,19.07
T,V10,iter14,sample,0
V1,T,iter14,sample,51.5799999999999
V2,T,iter14,sample,54.3349999999999
V3,T,iter14,sample,49.015
V4,T,iter14,sample,41.565
V5,T,iter14,sample,55.91
V6,T,iter14,sample,45.8549999999999
V7,T,iter14,sample,50.6949999999999
V8,T,iter14,sample,49.6299999999999
V9,T,iter14,sample,49.5499999999998
V10,T,iter14,sample,51.865
T,T,iter14,sample,0
V1,V1,iter15,sample,21.97
V2,V1,iter15,sample,24.955
V3,V1,iter15,sample,29.175
V4,V1,iter15,sample,28.05
V5,V1,iter15,sample,58.24
V6,V1,iter15,sample,46.745
V7,V1,iter15,sample,22.32
V8,V1,iter15,sample,15.015
V9,V1,iter15,sample,16.72
V10,V1,iter15,sample,15.555
T,V1,iter15,sample,0
V1,V2,iter15,sample,21.285
V2,V2,iter15,sample,28.13
V3,V2,iter15,sample,37.345
V4,V2,iter15,sample,40.315
V5,V2,iter15,sample,55.75
V6,V2,iter15,sample,50.89
V7,V2,iter15,sample,21.155
V8,V2,iter15,sample,14.335
V9,V2,iter15,sample,21.55
V10,V2,iter15,sample,17.96
T,V2,iter15,sample,0
V1,V3,iter15,sample,41.225
V2,V3,iter15,sample,46.215
V3,V3,iter15,sample,24.865
V4,V3,iter15,sample,20.14
V5,V3,iter15,sample,43.74
V6,V3,iter15,sample,44.045
V7,V3,iter15,sample,27.025
V8,V3,iter15,sample,16.19
V9,V3,iter15,sample,16.995
V10,V3,iter15,sample,22.9
T,V3,iter15,sample,0
V1,V4,iter15,sample,35.315
V2,V4,iter15,sample,45.75
V3,V4,iter15,sample,21.735
V4,V4,iter15,sample,18.885
V5,V4,iter15,sample,43.6
V6,V4,iter15,sample,46.06
V7,V4,iter15,sample,21.42
V8,V4,iter15,sample,17.05
V9,V4,iter15,sample,18.11
V10,V4,iter15,sample,15.59
T,V4,iter15,sample,0
V1,V5,iter15,sample,30.095
V2,V5,iter15,sample,51.56
V3,V5,iter15,sample,32.88
V4,V5,iter15,sample,37.335
V5,V5,iter15,sample,19.12
V6,V5,iter15,sample,16.79
V7,V5,iter15,sample,19.6
V8,V5,iter15,sample,13.375
V9,V5,iter15,sample,15.405
V10,V5,iter15,sample,13.32
T,V5,iter15,sample,0
V1,V6,iter15,sample,45.555
V2,V6,iter15,sample,67.36
V3,V6,iter15,sample,34.275
V4,V6,iter15,sample,36.815
V5,V6,iter15,sample,21.53
V6,V6,iter15,sample,27.94
V7,V6,iter15,sample,20.185
V8,V6,iter15,sample,14.97
V9,V6,iter15,sample,17.41
V10,V6,iter15,sample,16.94
T,V6,iter15,sample,0
V1,V7,iter15,sample,30.575
V2,V7,iter15,sample,30.215
V3,V7,iter15,sample,32.665
V4,V7,iter15,sample,24.48
V5,V7,iter15,sample,34.91
V6,V7,iter15,sample,32.05
V7,V7,iter15,sample,16.13
V8,V7,iter15,sample,15.28
V9,V7,iter15,sample,16.135
V10,V7,iter15,sample,17.49
T,V7,iter15,sample,0
V1,V8,iter15,sample,17.79
V2,V8,iter15,sample,25.885
V3,V8,iter15,sample,23.35
V4,V8,iter15,sample,25.55
V5,V8,iter15,sample,16.335
V6,V8,iter15,sample,21.96
V7,V8,iter15,sample,17.26
V8,V8,iter15,sample,14.03
V9,V8,iter15,sample,16.095
V10,V8,iter15,sample,16.145
T,V8,iter15,sample,0
V1,V9,iter15,sample,20.765
V2,V9,iter15,sample,21.245
V3,V9,iter15,sample,27.365
V4,V9,iter15,sample,29.3
V5,V9,iter15,sample,22.895
V6,V9,iter15,sample,25.195
V7,V9,iter15,sample,16.745
V8,V9,iter15,sample,10.95
V9,V9,iter15,sample,11
V10,V9,iter15,sample,16.235
T,V9,iter15,sample,0
V1,V10,iter15,sample,26.085
V2,V10,iter15,sample,27.465
V3,V10,iter15,sample,23.605
V4,V10,iter15,sample,23.205
V5,V10,iter15,sample,24.23
V6,V10,iter15,sample,31.855
V7,V10,iter15,sample,17.28
V8,V10,iter15,sample,10.045
V9,V10,iter15,sample,11.975
V10,V10,iter15,sample,13.41
T,V10,iter15,sample,0
V1,T,iter15,sample,52.085
V2,T,iter15,sample,46.9349999999999
V3,T,iter15,sample,53.0799999999998
V4,T,iter15,sample,49.4399999999999
V5,T,iter15,sample,44.13
V6,T,iter15,sample,50.45
V7,T,iter15,sample,52.8099999999998
V8,T,iter15,sample,56.16
V9,T,iter15,sample,46.3
V10,T,iter15,sample,48.6099999999999
T,T,iter15,sample,0
V1,V1,iter16,sample,29.165
V2,V1,iter16,sample,20.93
V3,V1,iter16,sample,40.59
V4,V1,iter16,sample,41.73
V5,V1,iter16,sample,35.71
V6,V1,iter16,sample,47.685
V7,V1,iter16,sample,20.165
V8,V1,iter16,sample,17.74
V9,V1,iter16,sample,10.2
V10,V1,iter16,sample,16.79
T,V1,iter16,sample,0
V1,V2,iter16,sample,21.505
V2,V2,iter16,sample,17.58
V3,V2,iter16,sample,33.335
V4,V2,iter16,sample,35.19
V5,V2,iter16,sample,32.49
V6,V2,iter16,sample,26.515
V7,V2,iter16,sample,17.69
V8,V2,iter16,sample,14.64
V9,V2,iter16,sample,13.7
V10,V2,iter16,sample,16.73
T,V2,iter16,sample,0
V1,V3,iter16,sample,51.7
V2,V3,iter16,sample,31.515
V3,V3,iter16,sample,39.075
V4,V3,iter16,sample,27.395
V5,V3,iter16,sample,40.88
V6,V3,iter16,sample,47.215
V7,V3,iter16,sample,25.025
V8,V3,iter16,sample,20.275
V9,V3,iter16,sample,14.335
V10,V3,iter16,sample,16.59
T,V3,iter16,sample,0
V1,V4,iter16,sample,57.165
V2,V4,iter16,sample,40.22
V3,V4,iter16,sample,25.315
V4,V4,iter16,sample,35
V5,V4,iter16,sample,38.335
V6,V4,iter16,sample,50.97
V7,V4,iter16,sample,18.63
V8,V4,iter16,sample,14.965
V9,V4,iter16,sample,13.085
V10,V4,iter16,sample,16.525
T,V4,iter16,sample,0
V1,V5,iter16,sample,41.52
V2,V5,iter16,sample,35.44
V3,V5,iter16,sample,35.895
V4,V5,iter16,sample,41.35
V5,V5,iter16,sample,24.145
V6,V5,iter16,sample,33.91
V7,V5,iter16,sample,20.31
V8,V5,iter16,sample,13.745
V9,V5,iter16,sample,18.175
V10,V5,iter16,sample,18.5
T,V5,iter16,sample,0
V1,V6,iter16,sample,57.47
V2,V6,iter16,sample,38.255
V3,V6,iter16,sample,45.84
V4,V6,iter16,sample,39.635
V5,V6,iter16,sample,31.425
V6,V6,iter16,sample,32.62
V7,V6,iter16,sample,24.615
V8,V6,iter16,sample,21.235
V9,V6,iter16,sample,14.05
V10,V6,iter16,sample,21.39
T,V6,iter16,sample,0
V1,V7,iter16,sample,33.115
V2,V7,iter16,sample,22.895
V3,V7,iter16,sample,35.4
V4,V7,iter16,sample,30.115
V5,V7,iter16,sample,34.355
V6,V7,iter16,sample,34.15
V7,V7,iter16,sample,27.45
V8,V7,iter16,sample,19.235
V9,V7,iter16,sample,17.475
V10,V7,iter16,sample,21.2
T,V7,iter16,sample,0
V1,V8,iter16,sample,26.28
V2,V8,iter16,sample,21.295
V3,V8,iter16,sample,25.87
V4,V8,iter16,sample,19.55
V5,V8,iter16,sample,28.145
V6,V8,iter16,sample,29.71
V7,V8,iter16,sample,27.985
V8,V8,iter16,sample,18.755
V9,V8,iter16,sample,14.145
V10,V8,iter16,sample,18.68
T,V8,iter16,sample,0
V1,V9,iter16,sample,21.235
V2,V9,iter16,sample,19.915
V3,V9,iter16,sample,20.745
V4,V9,iter16,sample,18.805
V5,V9,iter16,sample,22.01
V6,V9,iter16,sample,22.52
V7,V9,iter16,sample,17.35
V8,V9,iter16,sample,16.53
V9,V9,iter16,sample,15.53
V10,V9,iter16,sample,13.48
T,V9,iter16,sample,0
V1,V10,iter16,sample,26.195
V2,V10,iter16,sample,21.365
V3,V10,iter16,sample,24.075
V4,V10,iter16,sample,21.73
V5,V10,iter16,sample,26.665
V6,V10,iter16,sample,31.24
V7,V10,iter16,sample,23.075
V8,V10,iter16,sample,20.09
V9,V10,iter16,sample,13.925
V10,V10,iter16,sample,19.775
T,V10,iter16,sample,0
V1,T,iter16,sample,46.355
V2,T,iter16,sample,41.965
V3,T,iter16,sample,50.8649999999999
V4,T,iter16,sample,43.7099999999998
V5,T,iter16,sample,46.8299999999999
V6,T,iter16,sample,51.9999999999998
V7,T,iter16,sample,58.095
V8,T,iter16,sample,57.2049999999998
V9,T,iter16,sample,47.4999999999999
V10,T,iter16,sample,55.4749999999998
T,T,iter16,sample,0
V1,V1,iter17,sample,23.74
V2,V1,iter17,sample,20.105
V3,V1,iter17,sample,53.205
V4,V1,iter17,sample,47.885
V5,V1,iter17,sample,39.5
V6,V1,iter17,sample,37.825
V7,V1,iter17,sample,10.19
V8,V1,iter17,sample,20.04
V9,V1,iter17,sample,20.8
V10,V1,iter17,sample,17.99
T,V1,iter17,sample,0
V1,V2,iter17,sample,34.29
V2,V2,iter17,sample,30.09
V3,V2,iter17,sample,40.435
V4,V2,iter17,sample,34.44
V5,V2,iter17,sample,40.71
V6,V2,iter17,sample,38.825
V7,V2,iter17,sample,15.29
V8,V2,iter17,sample,13.065
V9,V2,iter17,sample,20.66
V10,V2,iter17,sample,18.16
T,V2,iter17,sample,0
V1,V3,iter17,sample,61.91
V2,V3,iter17,sample,50.62
V3,V3,iter17,sample,30.175
V4,V3,iter17,sample,31.89
V5,V3,iter17,sample,42.285
V6,V3,iter17,sample,43.955
V7,V3,iter17,sample,18.505
V8,V3,iter17,sample,17.72
V9,V3,iter17,sample,22.46
V10,V3,iter17,sample,26.86
T,V3,iter17,sample,0
V1,V4,iter17,sample,51.065
V2,V4,iter17,sample,31.485
V3,V4,iter17,sample,33.895
V4,V4,iter17,sample,28.505
V5,V4,iter17,sample,35.955
V6,V4,iter17,sample,36.96
V7,V4,iter17,sample,11
V8,V4,iter17,sample,17.68
V9,V4,iter17,sample,15.995
V10,V4,iter17,sample,18.165
T,V4,iter17,sample,0
V1,V5,iter17,sample,50.975
V2,V5,iter17,sample,36.035
V3,V5,iter17,sample,51.635
V4,V5,iter17,sample,45.96
V5,V5,iter17,sample,31.46
V6,V5,iter17,sample,14.665
V7,V5,iter17,sample,11.67
V8,V5,iter17,sample,19.965
V9,V5,iter17,sample,19.4
V10,V5,iter17,sample,21.05
T,V5,iter17,sample,0
V1,V6,iter17,sample,49.685
V2,V6,iter17,sample,32.18
V3,V6,iter17,sample,38.405
V4,V6,iter17,sample,32.82
V5,V6,iter17,sample,22.08
V6,V6,iter17,sample,22.38
V7,V6,iter17,sample,14.935
V8,V6,iter17,sample,17.005
V9,V6,iter17,sample,19.945
V10,V6,iter17,sample,21.175
T,V6,iter17,sample,0
V1,V7,iter17,sample,18.035
V2,V7,iter17,sample,21.05
V3,V7,iter17,sample,29.43
V4,V7,iter17,sample,16.58
V5,V7,iter17,sample,18.7
V6,V7,iter17,sample,21.955
V7,V7,iter17,sample,12.415
V8,V7,iter17,sample,16.465
V9,V7,iter17,sample,12.62
V10,V7,iter17,sample,13.095
T,V7,iter17,sample,0
V1,V8,iter17,sample,26.305
V2,V8,iter17,sample,16.375
V3,V8,iter17,sample,34.515
V4,V8,iter17,sample,29.525
V5,V8,iter17,sample,22.45
V6,V8,iter17,sample,27.375
V7,V8,iter17,sample,17.32
V8,V8,iter17,sample,24
V9,V8,iter17,sample,15.875
V10,V8,iter17,sample,16.84
T,V8,iter17,sample,0
V1,V9,iter17,sample,32.355
V2,V9,iter17,sample,28.165
V3,V9,iter17,sample,33.715
V4,V9,iter17,sample,24.855
V5,V9,iter17,sample,24.46
V6,V9,iter17,sample,20.675
V7,V9,iter17,sample,9.865
V8,V9,iter17,sample,16.9
V9,V9,iter17,sample,13.16
V10,V9,iter17,sample,11.99
T,V9,iter17,sample,0
V1,V10,iter17,sample,26.875
V2,V10,iter17,sample,20.97
V3,V10,iter17,sample,34.195
V4,V10,iter17,sample,30.01
V5,V10,iter17,sample,27.48
V6,V10,iter17,sample,27.64
V7,V10,iter17,sample,11.925
V8,V10,iter17,sample,17.755
V9,V10,iter17,sample,15.865
V10,V10,iter17,sample,21.215
T,V10,iter17,sample,0
V1,T,iter17,sample,50.045
V2,T,iter17,sample,46.89
V3,T,iter17,sample,55.775
V4,T,iter17,sample,49.2349999999999
V5,T,iter17,sample,49.7349999999999
V6,T,iter17,sample,45.3549999999999
V7,T,iter17,sample,49.2299999999999
V8,T,iter17,sample,50.9849999999999
V9,T,iter17,sample,51.36
V10,T,iter17,sample,51.3899999999999
T,T,iter17,sample,0
V1,V1,iter18,sample,38.785
V2,V1,iter18,sample,29.045
V3,V1,iter18,sample,57.63
V4,V1,iter18,sample,46.825
V5,V1,iter18,sample,40.745
V6,V1,iter18,sample,33.89
V7,V1,iter18,sample,17.48
V8,V1,iter18,sample,14.51
V9,V1,iter18,sample,22.585
V10,V1,iter18,sample,17.905
T,V1,iter18,sample,0
V1,V2,iter18,sample,21.82
V2,V2,iter18,sample,28.535
V3,V2,iter18,sample,64.375
V4,V2,iter18,sample,29.865
V5,V2,iter18,sample,50.09
V6,V2,iter18,sample,35.92
V7,V2,iter18,sample,11.295
V8,V2,iter18,sample,14.955
V9,V2,iter18,sample,17.405
V10,V2,iter18,sample,15.35
T,V2,iter18,sample,0
V1,V3,iter18,sample,50.14
V2,V3,iter18,sample,44.655
V3,V3,iter18,sample,32.145
V4,V3,iter18,sample,21.645
V5,V3,iter18,sample,47.765
V6,V3,iter18,sample,39.87
V7,V3,iter18,sample,19.895
V8,V3,iter18,sample,15.12
V9,V3,iter18,sample,18.24
V10,V3,iter18,sample,14.285
T,V3,iter18,sample,0
V1,V4,iter18,sample,39.675
V2,V4,iter18,sample,37.325
V3,V4,iter18,sample,33.61
V4,V4,iter18,sample,23.245
V5,V4,iter18,sample,31.83
V6,V4,iter18,sample,32.725
V7,V4,iter18,sample,19.67
V8,V4,iter18,sample,13.48
V9,V4,iter18,sample,15.71
V10,V4,iter18,sample,13.44
T,V4,iter18,sample,0
V1,V5,iter18,sample,51.59
V2,V5,iter18,sample,44.99
V3,V5,iter18,sample,53.22
V4,V5,iter18,sample,35.665
V5,V5,iter18,sample,39.755
V6,V5,iter18,sample,20.445
V7,V5,iter18,sample,19.87
V8,V5,iter18,sample,18.16
V9,V5,iter18,sample,20.565
V10,V5,iter18,sample,18.745
T,V5,iter18,sample,0
V1,V6,iter18,sample,52.16
V2,V6,iter18,sample,42.435
V3,V6,iter18,sample,43.105
V4,V6,iter18,sample,33.84
V5,V6,iter18,sample,42.465
V6,V6,iter18,sample,36.12
V7,V6,iter18,sample,21.83
V8,V6,iter18,sample,14.855
V9,V6,iter18,sample,20.295
V10,V6,iter18,sample,16.605
T,V6,iter18,sample,0
V1,V7,iter18,sample,22.83
V2,V7,iter18,sample,24.13
V3,V7,iter18,sample,27.07
V4,V7,iter18,sample,21
V5,V7,iter18,sample,34.325
V6,V7,iter18,sample,36.125
V7,V7,iter18,sample,16.32
V8,V7,iter18,sample,10.255
V9,V7,iter18,sample,12.15
V10,V7,iter18,sample,14.265
T,V7,iter18,sample,0
V1,V8,iter18,sample,25.79
V2,V8,iter18,sample,25.035
V3,V8,iter18,sample,22.825
V4,V8,iter18,sample,19.25
V5,V8,iter18,sample,18.795
V6,V8,iter18,sample,17.605
V7,V8,iter18,sample,13.655
V8,V8,iter18,sample,12.545
V9,V8,iter18,sample,13.16
V10,V8,iter18,sample,12.77
T,V8,iter18,sample,0
V1,V9,iter18,sample,35.43
V2,V9,iter18,sample,24.31
V3,V9,iter18,sample,30.855
V4,V9,iter18,sample,22.8
V5,V9,iter18,sample,23.31
V6,V9,iter18,sample,24.8
V7,V9,iter18,sample,11.76
V8,V9,iter18,sample,11.62
V9,V9,iter18,sample,22.955
V10,V9,iter18,sample,14.715
T,V9,iter18,sample,0
V1,V10,iter18,sample,30.665
V2,V10,iter18,sample,27.475
V3,V10,iter18,sample,26.47
V4,V10,iter18,sample,19.98
V5,V10,iter18,sample,20.675
V6,V10,iter18,sample,23.265
V7,V10,iter18,sample,14.375
V8,V10,iter18,sample,12.155
V9,V10,iter18,sample,12.665
V10,V10,iter18,sample,14.75
T,V10,iter18,sample,0
V1,T,iter18,sample,51.5149999999998
V2,T,iter18,sample,47.6749999999999
V3,T,iter18,sample,47.455
V4,T,iter18,sample,45.595
V5,T,iter18,sample,50.2499999999998
V6,T,iter18,sample,53.9449999999999
V7,T,iter18,sample,54.3199999999999
V8,T,iter18,sample,47.775
V9,T,iter18,sample,49.825
V10,T,iter18,sample,51.6449999999999
T,T,iter18,sample,0
V1,V1,iter19,sample,23.645
V2,V1,iter19,sample,16.845
V3,V1,iter19,sample,34.185
V4,V1,iter19,sample,53.81
V5,V1,iter19,sample,48.625
V6,V1,iter19,sample,40.595
V7,V1,iter19,sample,17.58
V8,V1,iter19,sample,17.97
V9,V1,iter19,sample,13.175
V10,V1,iter19,sample,16.375
T,V1,iter19,sample,0
V1,V2,iter19,sample,21.005
V2,V2,iter19,sample,26.93
V3,V2,iter19,sample,34.345
V4,V2,iter19,sample,64.26
V5,V2,iter19,sample,49.635
V6,V2,iter19,sample,44.14
V7,V2,iter19,sample,16.62
V8,V2,iter19,sample,21.24
V9,V2,iter19,sample,16.04
V10,V2,iter19,sample,16.61
T,V2,iter19,sample,0
V1,V3,iter19,sample,31.66
V2,V3,iter19,sample,40.34
V3,V3,iter19,sample,26.36
V4,V3,iter19,sample,32.765
V5,V3,iter19,sample,32.955
V6,V3,iter19,sample,35.5
V7,V3,iter19,sample,15.68
V8,V3,iter19,sample,18.77
V9,V3,iter19,sample,16.975
V10,V3,iter19,sample,15.785
T,V3,iter19,sample,0
V1,V4,iter19,sample,51.6
V2,V4,iter19,sample,54.015
V3,V4,iter19,sample,28.97
V4,V4,iter19,sample,44.3
V5,V4,iter19,sample,49.98
V6,V4,iter19,sample,58.355
V7,V4,iter19,sample,16.16
V8,V4,iter19,sample,27.56
V9,V4,iter19,sample,16.905
V10,V4,iter19,sample,21.435
T,V4,iter19,sample,0
V1,V5,iter19,sample,36.49
V2,V5,iter19,sample,32.865
V3,V5,iter19,sample,33.44
V4,V5,iter19,sample,68.695
V5,V5,iter19,sample,32.005
V6,V5,iter19,sample,23.12
V7,V5,iter19,sample,12.115
V8,V5,iter19,sample,19.08
V9,V5,iter19,sample,15.555
V10,V5,iter19,sample,16.37
T,V5,iter19,sample,0
V1,V6,iter19,sample,35.705
V2,V6,iter19,sample,45.41
V3,V6,iter19,sample,24.755
V4,V6,iter19,sample,62.97
V5,V6,iter19,sample,20.28
V6,V6,iter19,sample,28.69
V7,V6,iter19,sample,14.9
V8,V6,iter19,sample,15.515
V9,V6,iter19,sample,16.19
V10,V6,iter19,sample,12.49
T,V6,iter19,sample,0
V1,V7,iter19,sample,28.27
V2,V7,iter19,sample,23.165
V3,V7,iter19,sample,18.115
V4,V7,iter19,sample,24.725
V5,V7,iter19,sample,19.145
V6,V7,iter19,sample,25.445
V7,V7,iter19,sample,11.75
V8,V7,iter19,sample,13.05
V9,V7,iter19,sample,15.45
V10,V7,iter19,sample,15.64
T,V7,iter19,sample,0
V1,V8,iter19,sample,36.675
V2,V8,iter19,sample,33.02
V3,V8,iter19,sample,21.375
V4,V8,iter19,sample,29.29
V5,V8,iter19,sample,28.32
V6,V8,iter19,sample,29.455
V7,V8,iter19,sample,16.43
V8,V8,iter19,sample,16.535
V9,V8,iter19,sample,11.995
V10,V8,iter19,sample,18.645
T,V8,iter19,sample,0
V1,V9,iter19,sample,24.65
V2,V9,iter19,sample,26.525
V3,V9,iter19,sample,17.105
V4,V9,iter19,sample,27.575
V5,V9,iter19,sample,25.405
V6,V9,iter19,sample,15
V7,V9,iter19,sample,14.045
V8,V9,iter19,sample,18.78
V9,V9,iter19,sample,16.28
V10,V9,iter19,sample,13.75
T,V9,iter19,sample,0
V1,V10,iter19,sample,27.21
V2,V10,iter19,sample,23.86
V3,V10,iter19,sample,24.51
V4,V10,iter19,sample,32.29
V5,V10,iter19,sample,21
V6,V10,iter19,sample,21.89
V7,V10,iter19,sample,11.235
V8,V10,iter19,sample,19.895
V9,V10,iter19,sample,13.165
V10,V10,iter19,sample,15.66
T,V10,iter19,sample,0
V1,T,iter19,sample,43.895
V2,T,iter19,sample,48.8499999999999
V3,T,iter19,sample,47.6299999999998
V4,T,iter19,sample,56.5999999999998
V5,T,iter19,sample,49.3849999999999
V6,T,iter19,sample,48.7149999999999
V7,T,iter19,sample,50.2399999999999
V8,T,iter19,sample,53.3449999999998
V9,T,iter19,sample,52.385
V10,T,iter19,sample,48.955
T,T,iter19,sample,0
V1,V1,iter20,sample,38.54
V2,V1,iter20,sample,32.04
V3,V1,iter20,sample,50.68
V4,V1,iter20,sample,60.8050000000001
V5,V1,iter20,sample,38.83
V6,V1,iter20,sample,36.005
V7,V1,iter20,sample,20.62
V8,V1,iter20,sample,18.87
V9,V1,iter20,sample,21.31
V10,V1,iter20,sample,21.035
T,V1,iter20,sample,0
V1,V2,iter20,sample,23.635
V2,V2,iter20,sample,34.275
V3,V2,iter20,sample,47.46
V4,V2,iter20,sample,54.835
V5,V2,iter20,sample,43.855
V6,V2,iter20,sample,51.73
V7,V2,iter20,sample,11.885
V8,V2,iter20,sample,12.285
V9,V2,iter20,sample,20.61
V10,V2,iter20,sample,19.875
T,V2,iter20,sample,0
V1,V3,iter20,sample,42.545
V2,V3,iter20,sample,41.08
V3,V3,iter20,sample,34.175
V4,V3,iter20,sample,36.23
V5,V3,iter20,sample,39.895
V6,V3,iter20,sample,37.81
V7,V3,iter20,sample,17.58
V8,V3,iter20,sample,11.11
V9,V3,iter20,sample,14.085
V10,V3,iter20,sample,13.66
T,V3,iter20,sample,0
V1,V4,iter20,sample,41.28
V2,V4,iter20,sample,50.66
V3,V4,iter20,sample,38.995
V4,V4,iter20,sample,44.525
V5,V4,iter20,sample,39.44
V6,V4,iter20,sample,47.28
V7,V4,iter20,sample,20.385
V8,V4,iter20,sample,16.03
V9,V4,iter20,sample,19.415
V10,V4,iter20,sample,22.655
T,V4,iter20,sample,0
V1,V5,iter20,sample,40.405
V2,V5,iter20,sample,40.75
V3,V5,iter20,sample,42.73
V4,V5,iter20,sample,47.18
V5,V5,iter20,sample,23.575
V6,V5,iter20,sample,23.77
V7,V5,iter20,sample,19.58
V8,V5,iter20,sample,17.32
V9,V5,iter20,sample,14.82
V10,V5,iter20,sample,14.48
T,V5,iter20,sample,0
V1,V6,iter20,sample,37.03
V2,V6,iter20,sample,40.9250000000001
V3,V6,iter20,sample,38.62
V4,V6,iter20,sample,40.615
V5,V6,iter20,sample,25.77
V6,V6,iter20,sample,31.065
V7,V6,iter20,sample,18.455
V8,V6,iter20,sample,17.285
V9,V6,iter20,sample,18.985
V10,V6,iter20,sample,17.705
T,V6,iter20,sample,0
V1,V7,iter20,sample,36.245
V2,V7,iter20,sample,27.05
V3,V7,iter20,sample,20.575
V4,V7,iter20,sample,28.24
V5,V7,iter20,sample,19.21
V6,V7,iter20,sample,20.345
V7,V7,iter20,sample,15.15
V8,V7,iter20,sample,10.445
V9,V7,iter20,sample,14.62
V10,V7,iter20,sample,13.17
T,V7,iter20,sample,0
V1,V8,iter20,sample,21.615
V2,V8,iter20,sample,20.615
V3,V8,iter20,sample,19.445
V4,V8,iter20,sample,33.535
V5,V8,iter20,sample,18.75
V6,V8,iter20,sample,16.2
V7,V8,iter20,sample,10.745
V8,V8,iter20,sample,15.685
V9,V8,iter20,sample,12.325
V10,V8,iter20,sample,12.66
T,V8,iter20,sample,0
V1,V9,iter20,sample,26.99
V2,V9,iter20,sample,23.54
V3,V9,iter20,sample,26.245
V4,V9,iter20,sample,33.175
V5,V9,iter20,sample,23.395
V6,V9,iter20,sample,25.69
V7,V9,iter20,sample,14.615
V8,V9,iter20,sample,10.735
V9,V9,iter20,sample,18.18
V10,V9,iter20,sample,14.155
T,V9,iter20,sample,0
V1,V10,iter20,sample,23.685
V2,V10,iter20,sample,28.47
V3,V10,iter20,sample,27.07
V4,V10,iter20,sample,34.265
V5,V10,iter20,sample,21.845
V6,V10,iter20,sample,21.12
V7,V10,iter20,sample,11.15
V8,V10,iter20,sample,11.7
V9,V10,iter20,sample,15.535
V10,V10,iter20,sample,20.24
T,V10,iter20,sample,0
V1,T,iter20,sample,52.7649999999999
V2,T,iter20,sample,51.04
V3,T,iter20,sample,47.175
V4,T,iter20,sample,54.2599999999999
V5,T,iter20,sample,49.045
V6,T,iter20,sample,49.44
V7,T,iter20,sample,48.8849999999999
V8,T,iter20,sample,45.11
V9,T,iter20,sample,51.835
V10,T,iter20,sample,50.4449999999998
T,T,iter20,sample,0
V1,V1,iter21,sample,35.985
V2,V1,iter21,sample,23.355
V3,V1,iter21,sample,45.36
V4,V1,iter21,sample,50.275
V5,V1,iter21,sample,47.185
V6,V1,iter21,sample,56.415
V7,V1,iter21,sample,18.3
V8,V1,iter21,sample,15.705
V9,V1,iter21,sample,23.185
V10,V1,iter21,sample,19.085
T,V1,iter21,sample,0
V1,V2,iter21,sample,27.455
V2,V2,iter21,sample,28.035
V3,V2,iter21,sample,41.84
V4,V2,iter21,sample,52.225
V5,V2,iter21,sample,34.43
V6,V2,iter21,sample,39.665
V7,V2,iter21,sample,17.305
V8,V2,iter21,sample,18.48
V9,V2,iter21,sample,24.705
V10,V2,iter21,sample,25.16
T,V2,iter21,sample,0
V1,V3,iter21,sample,36.79
V2,V3,iter21,sample,34.13
V3,V3,iter21,sample,18.745
V4,V3,iter21,sample,15.05
V5,V3,iter21,sample,37.085
V6,V3,iter21,sample,38.275
V7,V3,iter21,sample,17.88
V8,V3,iter21,sample,13.415
V9,V3,iter21,sample,18.74
V10,V3,iter21,sample,17.515
T,V3,iter21,sample,0
V1,V4,iter21,sample,44.39
V2,V4,iter21,sample,33.54
V3,V4,iter21,sample,22.255
V4,V4,iter21,sample,34.265
V5,V4,iter21,sample,48.87
V6,V4,iter21,sample,44.655
V7,V4,iter21,sample,15.625
V8,V4,iter21,sample,15.17
V9,V4,iter21,sample,14.195
V10,V4,iter21,sample,21.48
T,V4,iter21,sample,0
V1,V5,iter21,sample,40.96
V2,V5,iter21,sample,33.78
V3,V5,iter21,sample,36.875
V4,V5,iter21,sample,43.71
V5,V5,iter21,sample,22.565
V6,V5,iter21,sample,25.135
V7,V5,iter21,sample,12.78
V8,V5,iter21,sample,10.135
V9,V5,iter21,sample,30.3
V10,V5,iter21,sample,16.305
T,V5,iter21,sample,0
V1,V6,iter21,sample,42.96
V2,V6,iter21,sample,39.215
V3,V6,iter21,sample,34.035
V4,V6,iter21,sample,49.165
V5,V6,iter21,sample,28.805
V6,V6,iter21,sample,28.39
V7,V6,iter21,sample,16.1
V8,V6,iter21,sample,18.04
V9,V6,iter21,sample,25.78
V10,V6,iter21,sample,15.65
T,V6,iter21,sample,0
V1,V7,iter21,sample,27.185
V2,V7,iter21,sample,22.07
V3,V7,iter21,sample,30.185
V4,V7,iter21,sample,25.805
V5,V7,iter21,sample,19.345
V6,V7,iter21,sample,27.17
V7,V7,iter21,sample,16.155
V8,V7,iter21,sample,11.895
V9,V7,iter21,sample,17.73
V10,V7,iter21,sample,18.09
T,V7,iter21,sample,0
V1,V8,iter21,sample,21.155
V2,V8,iter21,sample,23.11
V3,V8,iter21,sample,22.535
V4,V8,iter21,sample,21.01
V5,V8,iter21,sample,15.53
V6,V8,iter21,sample,25.28
V7,V8,iter21,sample,14.11
V8,V8,iter21,sample,14.9
V9,V8,iter21,sample,19.24
V10,V8,iter21,sample,15.535
T,V8,iter21,sample,0
V1,V9,iter21,sample,38.255
V2,V9,iter21,sample,33.68
V3,V9,iter21,sample,25.4
V4,V9,iter21,sample,34.145
V5,V9,iter21,sample,28.025
V6,V9,iter21,sample,27.445
V7,V9,iter21,sample,17.835
V8,V9,iter21,sample,15.35
V9,V9,iter21,sample,16.775
V10,V9,iter21,sample,15.895
T,V9,iter21,sample,0
V1,V10,iter21,sample,30.515
V2,V10,iter21,sample,30.44
V3,V10,iter21,sample,20.195
V4,V10,iter21,sample,31.04
V5,V10,iter21,sample,32.455
V6,V10,iter21,sample,25.06
V7,V10,iter21,sample,19.03
V8,V10,iter21,sample,11.405
V9,V10,iter21,sample,18.36
V10,V10,iter21,sample,18.8
T,V10,iter21,sample,0
V1,T,iter21,sample,51.1999999999999
V2,T,iter21,sample,51.945
V3,T,iter21,sample,45.1999999999999
V4,T,iter21,sample,49.755
V5,T,iter21,sample,44.25
V6,T,iter21,sample,48.6499999999999
V7,T,iter21,sample,52.5099999999999
V8,T,iter21,sample,48.9099999999999
V9,T,iter21,sample,53.7949999999999
V10,T,iter21,sample,53.785
T,T,iter21,sample,0
V1,V1,iter22,sample,32.01
V2,V1,iter22,sample,20.515
V3,V1,iter22,sample,53.97
V4,V1,iter22,sample,35.885
V5,V1,iter22,sample,38.045
V6,V1,iter22,sample,52.61
V7,V1,iter22,sample,17.595
V8,V1,iter22,sample,16.71
V9,V1,iter22,sample,21.01
V10,V1,iter22,sample,17.865
T,V1,iter22,sample,0
V1,V2,iter22,sample,29.455
V2,V2,iter22,sample,29.335
V3,V2,iter22,sample,46.865
V4,V2,iter22,sample,34.68
V5,V2,iter22,sample,25.425
V6,V2,iter22,sample,41.735
V7,V2,iter22,sample,19.1
V8,V2,iter22,sample,19.85
V9,V2,iter22,sample,17.085
V10,V2,iter22,sample,20.665
T,V2,iter22,sample,0
V1,V3,iter22,sample,60.165
V2,V3,iter22,sample,41.49
V3,V3,iter22,sample,47.19
V4,V3,iter22,sample,26.945
V5,V3,iter22,sample,33.15
V6,V3,iter22,sample,58.595
V7,V3,iter22,sample,19.805
V8,V3,iter22,sample,21.31
V9,V3,iter22,sample,20.88
V10,V3,iter22,sample,20.69
T,V3,iter22,sample,0
V1,V4,iter22,sample,38.03
V2,V4,iter22,sample,36.34
V3,V4,iter22,sample,26.07
V4,V4,iter22,sample,22.23
V5,V4,iter22,sample,32.66
V6,V4,iter22,sample,46.055
V7,V4,iter22,sample,16.155
V8,V4,iter22,sample,15.56
V9,V4,iter22,sample,15.72
V10,V4,iter22,sample,15.31
T,V4,iter22,sample,0
V1,V5,iter22,sample,43.485
V2,V5,iter22,sample,34.945
V3,V5,iter22,sample,46.705
V4,V5,iter22,sample,31.685
V5,V5,iter22,sample,29.135
V6,V5,iter22,sample,26.58
V7,V5,iter22,sample,18.32
V8,V5,iter22,sample,17.865
V9,V5,iter22,sample,20.71
V10,V5,iter22,sample,17.31
T,V5,iter22,sample,0
V1,V6,iter22,sample,53.67
V2,V6,iter22,sample,40.11
V3,V6,iter22,sample,56.18
V4,V6,iter22,sample,31.58
V5,V6,iter22,sample,20.64
V6,V6,iter22,sample,28.505
V7,V6,iter22,sample,18.515
V8,V6,iter22,sample,14.745
V9,V6,iter22,sample,21.335
V10,V6,iter22,sample,12.62
T,V6,iter22,sample,0
V1,V7,iter22,sample,28.485
V2,V7,iter22,sample,19.355
V3,V7,iter22,sample,26.37
V4,V7,iter22,sample,19.67
V5,V7,iter22,sample,22.655
V6,V7,iter22,sample,32.155
V7,V7,iter22,sample,15.93
V8,V7,iter22,sample,17.915
V9,V7,iter22,sample,12.09
V10,V7,iter22,sample,17.875
T,V7,iter22,sample,0
V1,V8,iter22,sample,28.49
V2,V8,iter22,sample,21.735
V3,V8,iter22,sample,34.255
V4,V8,iter22,sample,23.615
V5,V8,iter22,sample,21.995
V6,V8,iter22,sample,25.92
V7,V8,iter22,sample,16.385
V8,V8,iter22,sample,15.335
V9,V8,iter22,sample,13.3
V10,V8,iter22,sample,19.96
T,V8,iter22,sample,0
V1,V9,iter22,sample,28.165
V2,V9,iter22,sample,23.155
V3,V9,iter22,sample,37.07
V4,V9,iter22,sample,23.345
V5,V9,iter22,sample,22.955
V6,V9,iter22,sample,28.265
V7,V9,iter22,sample,13.295
V8,V9,iter22,sample,16.805
V9,V9,iter22,sample,14.6
V10,V9,iter22,sample,11.975
T,V9,iter22,sample,0
V1,V10,iter22,sample,26.855
V2,V10,iter22,sample,24.295
V3,V10,iter22,sample,27.265
V4,V10,iter22,sample,17.82
V5,V10,iter22,sample,29.565
V6,V10,iter22,sample,29.945
V7,V10,iter22,sample,16.195
V8,V10,iter22,sample,18.555
V9,V10,iter22,sample,17.055
V10,V10,iter22,sample,16.42
T,V10,iter22,sample,0
V1,T,iter22,sample,47.4049999999999
V2,T,iter22,sample,52.9199999999999
V3,T,iter22,sample,54.2799999999998
V4,T,iter22,sample,45.675
V5,T,iter22,sample,52.515
V6,T,iter22,sample,42.535
V7,T,iter22,sample,48.2049999999999
V8,T,iter22,sample,51.3399999999998
V9,T,iter22,sample,50.8449999999998
V10,T,iter22,sample,54.28
T,T,iter22,sample,0
V1,V1,iter23,sample,22.545
V2,V1,iter23,sample,20.885
V3,V1,iter23,sample,33.55
V4,V1,iter23,sample,36.845
V5,V1,iter23,sample,42.415
V6,V1,iter23,sample,38.855
V7,V1,iter23,sample,21.09
V8,V1,iter23,sample,24.365
V9,V1,iter23,sample,16.71
V10,V1,iter23,sample,9.76
T,V1,iter23,sample,0
V1,V2,iter23,sample,21.06
V2,V2,iter23,sample,27.065
V3,V2,iter23,sample,37.935
V4,V2,iter23,sample,47.865
V5,V2,iter23,sample,47.455
V6,V2,iter23,sample,37.94
V7,V2,iter23,sample,21.535
V8,V2,iter23,sample,23.635
V9,V2,iter23,sample,15.415
V10,V2,iter23,sample,16.355
T,V2,iter23,sample,0
V1,V3,iter23,sample,38.545
V2,V3,iter23,sample,43.915
V3,V3,iter23,sample,37.6
V4,V3,iter23,sample,27.225
V5,V3,iter23,sample,44.87
V6,V3,iter23,sample,32.555
V7,V3,iter23,sample,16.165
V8,V3,iter23,sample,23.245
V9,V3,iter23,sample,17.22
V10,V3,iter23,sample,15.335
T,V3,iter23,sample,0
V1,V4,iter23,sample,28.44
V2,V4,iter23,sample,35.325
V3,V4,iter23,sample,26.2
V4,V4,iter23,sample,34.345
V5,V4,iter23,sample,44.03
V6,V4,iter23,sample,42.71
V7,V4,iter23,sample,14.46
V8,V4,iter23,sample,27.11
V9,V4,iter23,sample,17.12
V10,V4,iter23,sample,13.82
T,V4,iter23,sample,0
V1,V5,iter23,sample,36.97
V2,V5,iter23,sample,51.595
V3,V5,iter23,sample,48.24
V4,V5,iter23,sample,62.325
V5,V5,iter23,sample,26.44
V6,V5,iter23,sample,18.28
V7,V5,iter23,sample,15.685
V8,V5,iter23,sample,26.01
V9,V5,iter23,sample,20.625
V10,V5,iter23,sample,16.675
T,V5,iter23,sample,0
V1,V6,iter23,sample,30.84
V2,V6,iter23,sample,37.04
V3,V6,iter23,sample,45.805
V4,V6,iter23,sample,53.615
V5,V6,iter23,sample,34.565
V6,V6,iter23,sample,29.77
V7,V6,iter23,sample,17.32
V8,V6,iter23,sample,21.16
V9,V6,iter23,sample,18.38
V10,V6,iter23,sample,14.99
T,V6,iter23,sample,0
V1,V7,iter23,sample,17.645
V2,V7,iter23,sample,27.92
V3,V7,iter23,sample,22.595
V4,V7,iter23,sample,21.2
V5,V7,iter23,sample,35.015
V6,V7,iter23,sample,28.835
V7,V7,iter23,sample,20.395
V8,V7,iter23,sample,19.23
V9,V7,iter23,sample,12.785
V10,V7,iter23,sample,17.43
T,V7,iter23,sample,0
V1,V8,iter23,sample,36.29
V2,V8,iter23,sample,41.16
V3,V8,iter23,sample,29.35
V4,V8,iter23,sample,26.555
V5,V8,iter23,sample,36.385
V6,V8,iter23,sample,36.475
V7,V8,iter23,sample,21.155
V8,V8,iter23,sample,21.795
V9,V8,iter23,sample,17.695
V10,V8,iter23,sample,16.035
T,V8,iter23,sample,0
V1,V9,iter23,sample,23.43
V2,V9,iter23,sample,27.575
V3,V9,iter23,sample,23.09
V4,V9,iter23,sample,17.18
V5,V9,iter23,sample,26.395
V6,V9,iter23,sample,24.39
V7,V9,iter23,sample,14.29
V8,V9,iter23,sample,25.935
V9,V9,iter23,sample,14.725
V10,V9,iter23,sample,11.72
T,V9,iter23,sample,0
V1,V10,iter23,sample,17.465
V2,V10,iter23,sample,18.735
V3,V10,iter23,sample,26.865
V4,V10,iter23,sample,27.35
V5,V10,iter23,sample,22.435
V6,V10,iter23,sample,20.12
V7,V10,iter23,sample,13.7
V8,V10,iter23,sample,16.76
V9,V10,iter23,sample,13.84
V10,V10,iter23,sample,16.99
T,V10,iter23,sample,0
V1,T,iter23,sample,44.7899999999999
V2,T,iter23,sample,50.0449999999999
V3,T,iter23,sample,50.445
V4,T,iter23,sample,44.055
V5,T,iter23,sample,53.84
V6,T,iter23,sample,48.555
V7,T,iter23,sample,53.2549999999999
V8,T,iter23,sample,57.6499999999998
V9,T,iter23,sample,48.2149999999999
V10,T,iter23,sample,49.15
T,T,iter23,sample,0
V1,V1,iter24,sample,30.16
V2,V1,iter24,sample,32.15
V3,V1,iter24,sample,39.34
V4,V1,iter24,sample,33.325
V5,V1,iter24,sample,38.71
V6,V1,iter24,sample,46.885
V7,V1,iter24,sample,18.16
V8,V1,iter24,sample,17.935
V9,V1,iter24,sample,13.3
V10,V1,iter24,sample,19.86
T,V1,iter24,sample,0
V1,V2,iter24,sample,26.87
V2,V2,iter24,sample,30.89
V3,V2,iter24,sample,53.385
V4,V2,iter24,sample,41.82
V5,V2,iter24,sample,40.33
V6,V2,iter24,sample,57.765
V7,V2,iter24,sample,17.245
V8,V2,iter24,sample,19.35
V9,V2,iter24,sample,17.42
V10,V2,iter24,sample,19.98
T,V2,iter24,sample,0
V1,V3,iter24,sample,57.83
V2,V3,iter24,sample,54.665
V3,V3,iter24,sample,32.675
V4,V3,iter24,sample,35.575
V5,V3,iter24,sample,34.36
V6,V3,iter24,sample,57.5
V7,V3,iter24,sample,25.93
V8,V3,iter24,sample,15.935
V9,V3,iter24,sample,20.76
V10,V3,iter24,sample,23.29
T,V3,iter24,sample,0
V1,V4,iter24,sample,31.755
V2,V4,iter24,sample,36.945
V3,V4,iter24,sample,39.74
V4,V4,iter24,sample,34.055
V5,V4,iter24,sample,39.39
V6,V4,iter24,sample,47.82
V7,V4,iter24,sample,16.81
V8,V4,iter24,sample,19.78
V9,V4,iter24,sample,19.305
V10,V4,iter24,sample,23.97
T,V4,iter24,sample,0
V1,V5,iter24,sample,35.225
V2,V5,iter24,sample,42.84
V3,V5,iter24,sample,43.205
V4,V5,iter24,sample,31.155
V5,V5,iter24,sample,24.595
V6,V5,iter24,sample,26.09
V7,V5,iter24,sample,18.905
V8,V5,iter24,sample,16.54
V9,V5,iter24,sample,16.05
V10,V5,iter24,sample,16.635
T,V5,iter24,sample,0
V1,V6,iter24,sample,34.165
V2,V6,iter24,sample,42.655
V3,V6,iter24,sample,65.1349999999999
V4,V6,iter24,sample,44.745
V5,V6,iter24,sample,18.905
V6,V6,iter24,sample,23.86
V7,V6,iter24,sample,19.84
V8,V6,iter24,sample,15.665
V9,V6,iter24,sample,12.395
V10,V6,iter24,sample,16.875
T,V6,iter24,sample,0
V1,V7,iter24,sample,21.76
V2,V7,iter24,sample,32.7
V3,V7,iter24,sample,39.805
V4,V7,iter24,sample,16.31
V5,V7,iter24,sample,21.93
V6,V7,iter24,sample,24.08
V7,V7,iter24,sample,13.775
V8,V7,iter24,sample,15.055
V9,V7,iter24,sample,12.91
V10,V7,iter24,sample,18.28
T,V7,iter24,sample,0
V1,V8,iter24,sample,21.235
V2,V8,iter24,sample,31.02
V3,V8,iter24,sample,31.29
V4,V8,iter24,sample,24.3
V5,V8,iter24,sample,22.215
V6,V8,iter24,sample,25.16
V7,V8,iter24,sample,14.325
V8,V8,iter24,sample,19.495
V9,V8,iter24,sample,15.195
V10,V8,iter24,sample,20.045
T,V8,iter24,sample,0
V1,V9,iter24,sample,23.64
V2,V9,iter24,sample,28.125
V3,V9,iter24,sample,33.575
V4,V9,iter24,sample,17.65
V5,V9,iter24,sample,18.38
V6,V9,iter24,sample,15.99
V7,V9,iter24,sample,14.175
V8,V9,iter24,sample,12.16
V9,V9,iter24,sample,13.075
V10,V9,iter24,sample,17.695
T,V9,iter24,sample,0
V1,V10,iter24,sample,27.69
V2,V10,iter24,sample,28.445
V3,V10,iter24,sample,39.86
V4,V10,iter24,sample,24.27
V5,V10,iter24,sample,26.635
V6,V10,iter24,sample,34.325
V7,V10,iter24,sample,14.44
V8,V10,iter24,sample,16.685
V9,V10,iter24,sample,11.335
V10,V10,iter24,sample,21.03
T,V10,iter24,sample,0
V1,T,iter24,sample,48.495
V2,T,iter24,sample,50.6199999999999
V3,T,iter24,sample,54.5099999999999
V4,T,iter24,sample,53.3649999999999
V5,T,iter24,sample,45.7899999999999
V6,T,iter24,sample,44.7649999999999
V7,T,iter24,sample,48.9999999999999
V8,T,iter24,sample,55.6799999999999
V9,T,iter24,sample,46.72
V10,T,iter24,sample,51.0549999999998
T,T,iter24,sample,0
V1,V1,iter25,sample,23.635
V2,V1,iter25,sample,23.745
V3,V1,iter25,sample,41.455
V4,V1,iter25,sample,36.36
V5,V1,iter25,sample,25.105
V6,V1,iter25,sample,55.895
V7,V1,iter25,sample,17.675
V8,V1,iter25,sample,21.62
V9,V1,iter25,sample,18.65
V10,V1,iter25,sample,19.38
T,V1,iter25,sample,0
V1,V2,iter25,sample,25.2
V2,V2,iter25,sample,30.06
V3,V2,iter25,sample,45.13
V4,V2,iter25,sample,50.955
V5,V2,iter25,sample,30.885
V6,V2,iter25,sample,49.87
V7,V2,iter25,sample,19.555
V8,V2,iter25,sample,17.84
V9,V2,iter25,sample,18.635
V10,V2,iter25,sample,18.975
T,V2,iter25,sample,0
V1,V3,iter25,sample,30.055
V2,V3,iter25,sample,50.59
V3,V3,iter25,sample,29.69
V4,V3,iter25,sample,26.325
V5,V3,iter25,sample,27.925
V6,V3,iter25,sample,51.375
V7,V3,iter25,sample,22.685
V8,V3,iter25,sample,20.855
V9,V3,iter25,sample,18.865
V10,V3,iter25,sample,18.825
T,V3,iter25,sample,0
V1,V4,iter25,sample,39.145
V2,V4,iter25,sample,36.635
V3,V4,iter25,sample,24.42
V4,V4,iter25,sample,27.825
V5,V4,iter25,sample,23.17
V6,V4,iter25,sample,51
V7,V4,iter25,sample,16.92
V8,V4,iter25,sample,19.79
V9,V4,iter25,sample,19.385
V10,V4,iter25,sample,15.7
T,V4,iter25,sample,0
V1,V5,iter25,sample,31.73
V2,V5,iter25,sample,33.33
V3,V5,iter25,sample,44.605
V4,V5,iter25,sample,39.215
V5,V5,iter25,sample,20.135
V6,V5,iter25,sample,24.235
V7,V5,iter25,sample,19.935
V8,V5,iter25,sample,13.175
V9,V5,iter25,sample,16.94
V10,V5,iter25,sample,16.535
T,V5,iter25,sample,0
V1,V6,iter25,sample,34.595
V2,V6,iter25,sample,53.825
V3,V6,iter25,sample,42.385
V4,V6,iter25,sample,53.55
V5,V6,iter25,sample,29.165
V6,V6,iter25,sample,28.99
V7,V6,iter25,sample,23.035
V8,V6,iter25,sample,19.555
V9,V6,iter25,sample,20.55
V10,V6,iter25,sample,20.69
T,V6,iter25,sample,0
V1,V7,iter25,sample,26.055
V2,V7,iter25,sample,26.935
V3,V7,iter25,sample,28.575
V4,V7,iter25,sample,28.77
V5,V7,iter25,sample,22.785
V6,V7,iter25,sample,35.935
V7,V7,iter25,sample,16.755
V8,V7,iter25,sample,17.79
V9,V7,iter25,sample,20.185
V10,V7,iter25,sample,16.215
T,V7,iter25,sample,0
V1,V8,iter25,sample,27.84
V2,V8,iter25,sample,26.755
V3,V8,iter25,sample,27.67
V4,V8,iter25,sample,24.405
V5,V8,iter25,sample,20.105
V6,V8,iter25,sample,30.02
V7,V8,iter25,sample,17.915
V8,V8,iter25,sample,14.635
V9,V8,iter25,sample,18.935
V10,V8,iter25,sample,18.545
T,V8,iter25,sample,0
V1,V9,iter25,sample,24.71
V2,V9,iter25,sample,29.145
V3,V9,iter25,sample,29.84
V4,V9,iter25,sample,30.45
V5,V9,iter25,sample,24.395
V6,V9,iter25,sample,32.74
V7,V9,iter25,sample,20.155
V8,V9,iter25,sample,21.265
V9,V9,iter25,sample,20.78
V10,V9,iter25,sample,14.21
T,V9,iter25,sample,0
V1,V10,iter25,sample,20.195
V2,V10,iter25,sample,24.36
V3,V10,iter25,sample,32.78
V4,V10,iter25,sample,32.71
V5,V10,iter25,sample,18.265
V6,V10,iter25,sample,27.04
V7,V10,iter25,sample,17.95
V8,V10,iter25,sample,13.885
V9,V10,iter25,sample,17.885
V10,V10,iter25,sample,21.26
T,V10,iter25,sample,0
V1,T,iter25,sample,49.3600000000001
V2,T,iter25,sample,48.7249999999999
V3,T,iter25,sample,51.6399999999998
V4,T,iter25,sample,47.425
V5,T,iter25,sample,44.9
V6,T,iter25,sample,44.2399999999998
V7,T,iter25,sample,50.42
V8,T,iter25,sample,50.4149999999999
V9,T,iter25,sample,60.8799999999997
V10,T,iter25,sample,51.9949999999999
T,T,iter25,sample,0
V1,V1,iter26,sample,34.77
V2,V1,iter26,sample,22.265
V3,V1,iter26,sample,42.3
V4,V1,iter26,sample,50.7599999999999
V5,V1,iter26,sample,56.875
V6,V1,iter26,sample,46.53
V7,V1,iter26,sample,24.395
V8,V1,iter26,sample,16.26
V9,V1,iter26,sample,16.455
V10,V1,iter26,sample,20.995
T,V1,iter26,sample,0
V1,V2,iter26,sample,23.77
V2,V2,iter26,sample,20.59
V3,V2,iter26,sample,44.29
V4,V2,iter26,sample,33.615
V5,V2,iter26,sample,47.32
V6,V2,iter26,sample,33.29
V7,V2,iter26,sample,18.645
V8,V2,iter26,sample,17.19
V9,V2,iter26,sample,12.495
V10,V2,iter26,sample,15.8
T,V2,iter26,sample,0
V1,V3,iter26,sample,51.355
V2,V3,iter26,sample,31.595
V3,V3,iter26,sample,29.5
V4,V3,iter26,sample,28.6
V5,V3,iter26,sample,39.87
V6,V3,iter26,sample,36.29
V7,V3,iter26,sample,18.605
V8,V3,iter26,sample,20.415
V9,V3,iter26,sample,20.375
V10,V3,iter26,sample,11.555
T,V3,iter26,sample,0
V1,V4,iter26,sample,50.415
V2,V4,iter26,sample,35.655
V3,V4,iter26,sample,29.27
V4,V4,iter26,sample,34.535
V5,V4,iter26,sample,38.73
V6,V4,iter26,sample,40.745
V7,V4,iter26,sample,22.675
V8,V4,iter26,sample,17.78
V9,V4,iter26,sample,19.225
V10,V4,iter26,sample,17.025
T,V4,iter26,sample,0
V1,V5,iter26,sample,43.175
V2,V5,iter26,sample,30.045
V3,V5,iter26,sample,44.225
V4,V5,iter26,sample,44.71
V5,V5,iter26,sample,27.07
V6,V5,iter26,sample,33.875
V7,V5,iter26,sample,17.44
V8,V5,iter26,sample,12.09
V9,V5,iter26,sample,15.085
V10,V5,iter26,sample,13.405
T,V5,iter26,sample,0
V1,V6,iter26,sample,54.24
V2,V6,iter26,sample,33.265
V3,V6,iter26,sample,37.195
V4,V6,iter26,sample,37.47
V5,V6,iter26,sample,36.005
V6,V6,iter26,sample,26.7
V7,V6,iter26,sample,22.575
V8,V6,iter26,sample,16.645
V9,V6,iter26,sample,14.945
V10,V6,iter26,sample,18.87
T,V6,iter26,sample,0
V1,V7,iter26,sample,43.1
V2,V7,iter26,sample,29.175
V3,V7,iter26,sample,26.98
V4,V7,iter26,sample,36.205
V5,V7,iter26,sample,21.095
V6,V7,iter26,sample,29.125
V7,V7,iter26,sample,18.65
V8,V7,iter26,sample,17.26
V9,V7,iter26,sample,12.15
V10,V7,iter26,sample,16.01
T,V7,iter26,sample,0
V1,V8,iter26,sample,29.62
V2,V8,iter26,sample,21.985
V3,V8,iter26,sample,23.745
V4,V8,iter26,sample,29.925
V5,V8,iter26,sample,20.08
V6,V8,iter26,sample,21.07
V7,V8,iter26,sample,15.36
V8,V8,iter26,sample,13.535
V9,V8,iter26,sample,13.655
V10,V8,iter26,sample,11
T,V8,iter26,sample,0
V1,V9,iter26,sample,25.82
V2,V9,iter26,sample,19.75
V3,V9,iter26,sample,22.78
V4,V9,iter26,sample,19.51
V5,V9,iter26,sample,20.365
V6,V9,iter26,sample,25.21
V7,V9,iter26,sample,16.56
V8,V9,iter26,sample,12.325
V9,V9,iter26,sample,12.93
V10,V9,iter26,sample,10.835
T,V9,iter26,sample,0
V1,V10,iter26,sample,28.2
V2,V10,iter26,sample,21.55
V3,V10,iter26,sample,17.875
V4,V10,iter26,sample,21.635
V5,V10,iter26,sample,23.705
V6,V10,iter26,sample,23.745
V7,V10,iter26,sample,18.455
V8,V10,iter26,sample,13.165
V9,V10,iter26,sample,11.175
V10,V10,iter26,sample,14.905
T,V10,iter26,sample,0
V1,T,iter26,sample,52.1399999999998
V2,T,iter26,sample,50.13
V3,T,iter26,sample,49
V4,T,iter26,sample,56.09
V5,T,iter26,sample,46.005
V6,T,iter26,sample,49.3299999999999
V7,T,iter26,sample,57.3899999999999
V8,T,iter26,sample,48.3099999999999
V9,T,iter26,sample,43.595
V10,T,iter26,sample,48.0099999999999
T,T,iter26,sample,0
V1,V1,iter27,sample,24.16
V2,V1,iter27,sample,16.445
V3,V1,iter27,sample,44.61
V4,V1,iter27,sample,30.175
V5,V1,iter27,sample,39.56
V6,V1,iter27,sample,39.58
V7,V1,iter27,sample,22.99
V8,V1,iter27,sample,18.19
V9,V1,iter27,sample,18.23
V10,V1,iter27,sample,18.405
T,V1,iter27,sample,0
V1,V2,iter27,sample,22.53
V2,V2,iter27,sample,19.82
V3,V2,iter27,sample,51.615
V4,V2,iter27,sample,25.215
V5,V2,iter27,sample,28.75
V6,V2,iter27,sample,31.57
V7,V2,iter27,sample,15.965
V8,V2,iter27,sample,23.335
V9,V2,iter27,sample,19.92
V10,V2,iter27,sample,16.975
T,V2,iter27,sample,0
V1,V3,iter27,sample,53.52
V2,V3,iter27,sample,47.8249999999999
V3,V3,iter27,sample,33.08
V4,V3,iter27,sample,21.68
V5,V3,iter27,sample,43.56
V6,V3,iter27,sample,47.15
V7,V3,iter27,sample,21.95
V8,V3,iter27,sample,18.195
V9,V3,iter27,sample,18.22
V10,V3,iter27,sample,19.895
T,V3,iter27,sample,0
V1,V4,iter27,sample,37.09
V2,V4,iter27,sample,37.04
V3,V4,iter27,sample,27.525
V4,V4,iter27,sample,22.345
V5,V4,iter27,sample,25.175
V6,V4,iter27,sample,32.59
V7,V4,iter27,sample,20.64
V8,V4,iter27,sample,19.775
V9,V4,iter27,sample,17.82
V10,V4,iter27,sample,18.815
T,V4,iter27,sample,0
V1,V5,iter27,sample,40.135
V2,V5,iter27,sample,38.065
V3,V5,iter27,sample,48.655
V4,V5,iter27,sample,29.605
V5,V5,iter27,sample,22.535
V6,V5,iter27,sample,18.19
V7,V5,iter27,sample,21.505
V8,V5,iter27,sample,20.205
V9,V5,iter27,sample,21.255
V10,V5,iter27,sample,18.265
T,V5,iter27,sample,0
V1,V6,iter27,sample,42.265
V2,V6,iter27,sample,43.565
V3,V6,iter27,sample,44.585
V4,V6,iter27,sample,19.48
V5,V6,iter27,sample,20.85
V6,V6,iter27,sample,18.08
V7,V6,iter27,sample,23.335
V8,V6,iter27,sample,16.405
V9,V6,iter27,sample,13.595
V10,V6,iter27,sample,12.755
T,V6,iter27,sample,0
V1,V7,iter27,sample,27.37
V2,V7,iter27,sample,24.71
V3,V7,iter27,sample,35.505
V4,V7,iter27,sample,25.925
V5,V7,iter27,sample,31.175
V6,V7,iter27,sample,26.22
V7,V7,iter27,sample,17.59
V8,V7,iter27,sample,15.355
V9,V7,iter27,sample,18.535
V10,V7,iter27,sample,16.43
T,V7,iter27,sample,0
V1,V8,iter27,sample,29.435
V2,V8,iter27,sample,25.705
V3,V8,iter27,sample,27.58
V4,V8,iter27,sample,21.615
V5,V8,iter27,sample,26.915
V6,V8,iter27,sample,30.465
V7,V8,iter27,sample,17.675
V8,V8,iter27,sample,19.31
V9,V8,iter27,sample,17.085
V10,V8,iter27,sample,14.985
T,V8,iter27,sample,0
V1,V9,iter27,sample,22.885
V2,V9,iter27,sample,26.68
V3,V9,iter27,sample,42.78
V4,V9,iter27,sample,25.575
V5,V9,iter27,sample,23.625
V6,V9,iter27,sample,20.705
V7,V9,iter27,sample,20.19
V8,V9,iter27,sample,17.335
V9,V9,iter27,sample,18.745
V10,V9,iter27,sample,15.455
T,V9,iter27,sample,0
V1,V10,iter27,sample,26.37
V2,V10,iter27,sample,22.645
V3,V10,iter27,sample,28.47
V4,V10,iter27,sample,21.015
V5,V10,iter27,sample,23.19
V6,V10,iter27,sample,28.585
V7,V10,iter27,sample,18.11
V8,V10,iter27,sample,16.955
V9,V10,iter27,sample,16.54
V10,V10,iter27,sample,15.585
T,V10,iter27,sample,0
V1,T,iter27,sample,46.585
V2,T,iter27,sample,45.195
V3,T,iter27,sample,52.6699999999999
V4,T,iter27,sample,51.185
V5,T,iter27,sample,54.0799999999999
V6,T,iter27,sample,39.78
V7,T,iter27,sample,50.865
V8,T,iter27,sample,53.7099999999999
V9,T,iter27,sample,54.0299999999999
V10,T,iter27,sample,51.8999999999998
T,T,iter27,sample,0
V1,V1,iter28,sample,23.41
V2,V1,iter28,sample,18.37
V3,V1,iter28,sample,48.165
V4,V1,iter28,sample,31.365
V5,V1,iter28,sample,55.385
V6,V1,iter28,sample,40.265
V7,V1,iter28,sample,20.555
V8,V1,iter28,sample,16.44
V9,V1,iter28,sample,18.605
V10,V1,iter28,sample,18.555
T,V1,iter28,sample,0
V1,V2,iter28,sample,19.12
V2,V2,iter28,sample,23.965
V3,V2,iter28,sample,42.335
V4,V2,iter28,sample,30.645
V5,V2,iter28,sample,57.6099999999999
V6,V2,iter28,sample,52.285
V7,V2,iter28,sample,14.71
V8,V2,iter28,sample,16.925
V9,V2,iter28,sample,18.71
V10,V2,iter28,sample,15.425
T,V2,iter28,sample,0
V1,V3,iter28,sample,39.955
V2,V3,iter28,sample,45.515
V3,V3,iter28,sample,25.265
V4,V3,iter28,sample,19.54
V5,V3,iter28,sample,58.36
V6,V3,iter28,sample,51.655
V7,V3,iter28,sample,20.01
V8,V3,iter28,sample,23.235
V9,V3,iter28,sample,27.76
V10,V3,iter28,sample,16.055
T,V3,iter28,sample,0
V1,V4,iter28,sample,36.47
V2,V4,iter28,sample,34.115
V3,V4,iter28,sample,32.12
V4,V4,iter28,sample,26.76
V5,V4,iter28,sample,45.975
V6,V4,iter28,sample,50.855
V7,V4,iter28,sample,18.665
V8,V4,iter28,sample,22.92
V9,V4,iter28,sample,23.055
V10,V4,iter28,sample,14.865
T,V4,iter28,sample,0
V1,V5,iter28,sample,44.71
V2,V5,iter28,sample,46.315
V3,V5,iter28,sample,46.78
V4,V5,iter28,sample,31.415
V5,V5,iter28,sample,29.98
V6,V5,iter28,sample,24.35
V7,V5,iter28,sample,15.045
V8,V5,iter28,sample,16.755
V9,V5,iter28,sample,22.305
V10,V5,iter28,sample,17.06
T,V5,iter28,sample,0
V1,V6,iter28,sample,27.945
V2,V6,iter28,sample,37.47
V3,V6,iter28,sample,42.445
V4,V6,iter28,sample,30.255
V5,V6,iter28,sample,24.79
V6,V6,iter28,sample,21.62
V7,V6,iter28,sample,13.9
V8,V6,iter28,sample,19.915
V9,V6,iter28,sample,22.26
V10,V6,iter28,sample,16.775
T,V6,iter28,sample,0
V1,V7,iter28,sample,22.595
V2,V7,iter28,sample,20.94
V3,V7,iter28,sample,28.685
V4,V7,iter28,sample,26.75
V5,V7,iter28,sample,32.805
V6,V7,iter28,sample,19.99
V7,V7,iter28,sample,15.675
V8,V7,iter28,sample,19.055
V9,V7,iter28,sample,21.08
V10,V7,iter28,sample,13.475
T,V7,iter28,sample,0
V1,V8,iter28,sample,23.855
V2,V8,iter28,sample,30.54
V3,V8,iter28,sample,30.585
V4,V8,iter28,sample,31.37
V5,V8,iter28,sample,29.36
V6,V8,iter28,sample,25.81
V7,V8,iter28,sample,11.66
V8,V8,iter28,sample,20.855
V9,V8,iter28,sample,19.225
V10,V8,iter28,sample,11.145
T,V8,iter28,sample,0
V1,V9,iter28,sample,32.915
V2,V9,iter28,sample,31.52
V3,V9,iter28,sample,41.225
V4,V9,iter28,sample,29.625
V5,V9,iter28,sample,30.285
V6,V9,iter28,sample,19.825
V7,V9,iter28,sample,20.55
V8,V9,iter28,sample,17.71
V9,V9,iter28,sample,21.51
V10,V9,iter28,sample,14.365
T,V9,iter28,sample,0
V1,V10,iter28,sample,20.075
V2,V10,iter28,sample,25.735
V3,V10,iter28,sample,24.95
V4,V10,iter28,sample,15.715
V5,V10,iter28,sample,21.855
V6,V10,iter28,sample,22.45
V7,V10,iter28,sample,16.275
V8,V10,iter28,sample,14.605
V9,V10,iter28,sample,14.945
V10,V10,iter28,sample,10.9
T,V10,iter28,sample,0
V1,T,iter28,sample,52.0649999999999
V2,T,iter28,sample,49.2449999999999
V3,T,iter28,sample,49.795
V4,T,iter28,sample,51.3599999999999
V5,T,iter28,sample,48.31
V6,T,iter28,sample,46.2700000000001
V7,T,iter28,sample,54.0049999999999
V8,T,iter28,sample,48.99
V9,T,iter28,sample,54.0749999999999
V10,T,iter28,sample,45.8849999999999
T,T,iter28,sample,0
V1,V1,iter29,sample,30.41
V2,V1,iter29,sample,23.97
V3,V1,iter29,sample,41.81
V4,V1,iter29,sample,51.515
V5,V1,iter29,sample,32.615
V6,V1,iter29,sample,39.94
V7,V1,iter29,sample,14.98
V8,V1,iter29,sample,15.565
V9,V1,iter29,sample,25.085
V10,V1,iter29,sample,22.28
T,V1,iter29,sample,0
V1,V2,iter29,sample,21.5
V2,V2,iter29,sample,26.99
V3,V2,iter29,sample,42.36
V4,V2,iter29,sample,39.09
V5,V2,iter29,sample,30.88
V6,V2,iter29,sample,31.44
V7,V2,iter29,sample,12.505
V8,V2,iter29,sample,11.34
V9,V2,iter29,sample,17.535
V10,V2,iter29,sample,12.555
T,V2,iter29,sample,0
V1,V3,iter29,sample,66.295
V2,V3,iter29,sample,43.595
V3,V3,iter29,sample,34.58
V4,V3,iter29,sample,41.045
V5,V3,iter29,sample,33.235
V6,V3,iter29,sample,47.74
V7,V3,iter29,sample,16.055
V8,V3,iter29,sample,17.975
V9,V3,iter29,sample,21.515
V10,V3,iter29,sample,19.225
T,V3,iter29,sample,0
V1,V4,iter29,sample,55.68
V2,V4,iter29,sample,40.555
V3,V4,iter29,sample,28.97
V4,V4,iter29,sample,30.64
V5,V4,iter29,sample,32.235
V6,V4,iter29,sample,45.885
V7,V4,iter29,sample,16.55
V8,V4,iter29,sample,12.08
V9,V4,iter29,sample,23.32
V10,V4,iter29,sample,16.47
T,V4,iter29,sample,0
V1,V5,iter29,sample,47.05
V2,V5,iter29,sample,27.44
V3,V5,iter29,sample,40.795
V4,V5,iter29,sample,39.85
V5,V5,iter29,sample,17.905
V6,V5,iter29,sample,23.315
V7,V5,iter29,sample,17.285
V8,V5,iter29,sample,11.675
V9,V5,iter29,sample,20.13
V10,V5,iter29,sample,9.72
T,V5,iter29,sample,0
V1,V6,iter29,sample,56.78
V2,V6,iter29,sample,40.255
V3,V6,iter29,sample,48.595
V4,V6,iter29,sample,46.505
V5,V6,iter29,sample,24.78
V6,V6,iter29,sample,24.565
V7,V6,iter29,sample,15.615
V8,V6,iter29,sample,15.465
V9,V6,iter29,sample,24.065
V10,V6,iter29,sample,16.895
T,V6,iter29,sample,0
V1,V7,iter29,sample,32.05
V2,V7,iter29,sample,19.575
V3,V7,iter29,sample,24.43
V4,V7,iter29,sample,19.315
V5,V7,iter29,sample,21.58
V6,V7,iter29,sample,22.405
V7,V7,iter29,sample,16.955
V8,V7,iter29,sample,13.18
V9,V7,iter29,sample,17.685
V10,V7,iter29,sample,10.26
T,V7,iter29,sample,0
V1,V8,iter29,sample,22.47
V2,V8,iter29,sample,21.465
V3,V8,iter29,sample,27.155
V4,V8,iter29,sample,18.915
V5,V8,iter29,sample,16.33
V6,V8,iter29,sample,24.415
V7,V8,iter29,sample,13.975
V8,V8,iter29,sample,14.195
V9,V8,iter29,sample,16.38
V10,V8,iter29,sample,13.035
T,V8,iter29,sample,0
V1,V9,iter29,sample,29.57
V2,V9,iter29,sample,17.66
V3,V9,iter29,sample,43.085
V4,V9,iter29,sample,38.01
V5,V9,iter29,sample,24.03
V6,V9,iter29,sample,35.47
V7,V9,iter29,sample,13.94
V8,V9,iter29,sample,13.83
V9,V9,iter29,sample,17.73
V10,V9,iter29,sample,16.23
T,V9,iter29,sample,0
V1,V10,iter29,sample,27.565
V2,V10,iter29,sample,19.445
V3,V10,iter29,sample,21.335
V4,V10,iter29,sample,23.715
V5,V10,iter29,sample,17.505
V6,V10,iter29,sample,25.01
V7,V10,iter29,sample,12.045
V8,V10,iter29,sample,11.25
V9,V10,iter29,sample,20.575
V10,V10,iter29,sample,11.335
T,V10,iter29,sample,0
V1,T,iter29,sample,52.7999999999999
V2,T,iter29,sample,46.245
V3,T,iter29,sample,55.1449999999998
V4,T,iter29,sample,52.7849999999999
V5,T,iter29,sample,45.0699999999999
V6,T,iter29,sample,47.335
V7,T,iter29,sample,49.53
V8,T,iter29,sample,52.7799999999999
V9,T,iter29,sample,49.535
V10,T,iter29,sample,48.7749999999999
T,T,iter29,sample,0
V1,V1,iter30,sample,29.245
V2,V1,iter30,sample,20.5
V3,V1,iter30,sample,30.66
V4,V1,iter30,sample,27.59
V5,V1,iter30,sample,47.53
V6,V1,iter30,sample,35.85
V7,V1,iter30,sample,14.655
V8,V1,iter30,sample,20.815
V9,V1,iter30,sample,12.845
V10,V1,iter30,sample,17.555
T,V1,iter30,sample,0
V1,V2,iter30,sample,24.91
V2,V2,iter30,sample,25.995
V3,V2,iter30,sample,46.935
V4,V2,iter30,sample,55.245
V5,V2,iter30,sample,54.97
V6,V2,iter30,sample,49.425
V7,V2,iter30,sample,20.86
V8,V2,iter30,sample,20.95
V9,V2,iter30,sample,21.01
V10,V2,iter30,sample,21.13
T,V2,iter30,sample,0
V1,V3,iter30,sample,31.105
V2,V3,iter30,sample,42.28
V3,V3,iter30,sample,37.26
V4,V3,iter30,sample,23.38
V5,V3,iter30,sample,52.975
V6,V3,iter30,sample,49.2749999999999
V7,V3,iter30,sample,18.005
V8,V3,iter30,sample,23.225
V9,V3,iter30,sample,20.605
V10,V3,iter30,sample,21.545
T,V3,iter30,sample,0
V1,V4,iter30,sample,34.6
V2,V4,iter30,sample,51.955
V3,V4,iter30,sample,37.17
V4,V4,iter30,sample,33.585
V5,V4,iter30,sample,57.435
V6,V4,iter30,sample,50.505
V7,V4,iter30,sample,17.82
V8,V4,iter30,sample,20.85
V9,V4,iter30,sample,18.385
V10,V4,iter30,sample,18.945
T,V4,iter30,sample,0
V1,V5,iter30,sample,27
V2,V5,iter30,sample,49.89
V3,V5,iter30,sample,39.935
V4,V5,iter30,sample,42.96
V5,V5,iter30,sample,24.77
V6,V5,iter30,sample,42.26
V7,V5,iter30,sample,11.04
V8,V5,iter30,sample,19.365
V9,V5,iter30,sample,18.905
V10,V5,iter30,sample,15.4
T,V5,iter30,sample,0
V1,V6,iter30,sample,28.895
V2,V6,iter30,sample,49.31
V3,V6,iter30,sample,40.41
V4,V6,iter30,sample,56.24
V5,V6,iter30,sample,28.725
V6,V6,iter30,sample,38.525
V7,V6,iter30,sample,18.39
V8,V6,iter30,sample,22.985
V9,V6,iter30,sample,17.97
V10,V6,iter30,sample,20.77
T,V6,iter30,sample,0
V1,V7,iter30,sample,14.745
V2,V7,iter30,sample,26.145
V3,V7,iter30,sample,21.825
V4,V7,iter30,sample,29.31
V5,V7,iter30,sample,31.165
V6,V7,iter30,sample,22.005
V7,V7,iter30,sample,12.815
V8,V7,iter30,sample,18.635
V9,V7,iter30,sample,14.45
V10,V7,iter30,sample,15.725
T,V7,iter30,sample,0
V1,V8,iter30,sample,20.675
V2,V8,iter30,sample,40.33
V3,V8,iter30,sample,32.22
V4,V8,iter30,sample,36.955
V5,V8,iter30,sample,23.615
V6,V8,iter30,sample,25.845
V7,V8,iter30,sample,19.47
V8,V8,iter30,sample,18.02
V9,V8,iter30,sample,15.78
V10,V8,iter30,sample,20.88
T,V8,iter30,sample,0
V1,V9,iter30,sample,17.735
V2,V9,iter30,sample,26.895
V3,V9,iter30,sample,26.515
V4,V9,iter30,sample,24.5
V5,V9,iter30,sample,29.61
V6,V9,iter30,sample,25.465
V7,V9,iter30,sample,13.625
V8,V9,iter30,sample,14.085
V9,V9,iter30,sample,13.075
V10,V9,iter30,sample,13.83
T,V9,iter30,sample,0
V1,V10,iter30,sample,21.815
V2,V10,iter30,sample,28.58
V3,V10,iter30,sample,27.56
V4,V10,iter30,sample,31.04
V5,V10,iter30,sample,25.7
V6,V10,iter30,sample,31.165
V7,V10,iter30,sample,14.305
V8,V10,iter30,sample,21.175
V9,V10,iter30,sample,15.435
V10,V10,iter30,sample,16.165
T,V10,iter30,sample,0
V1,T,iter30,sample,44.52
V2,T,iter30,sample,46.5499999999999
V3,T,iter30,sample,50.1649999999999
V4,T,iter30,sample,51.445
V5,T,iter30,sample,49.03
V6,T,iter30,sample,51.8999999999999
V7,T,iter30,sample,51.835
V8,T,iter30,sample,55.6849999999999
V9,T,iter30,sample,45.875
V10,T,iter30,sample,52.995
T,T,iter30,sample,0
